Feed data: Array
(
    [id] => 24
    [form_id] => 27
    [is_active] => 1
    [feed_order] => 0
    [meta_feedName] => Enquire/Aline API Feed 1
    [meta_formFieldMap] => Array
        (
            [0] => Array
                (
                    [key] => Email
                    [custom_key] => 
                    [value] => 3
                    [custom_value] => 
                )

            [1] => Array
                (
                    [key] => FirstName
                    [custom_key] => 
                    [value] => 1
                    [custom_value] => 
                )

            [2] => Array
                (
                    [key] => LastName
                    [custom_key] => 
                    [value] => 2
                    [custom_value] => 
                )

            [3] => Array
                (
                    [key] => communityunique
                    [custom_key] => 
                    [value] => 56
                    [custom_value] => 
                )

            [4] => Array
                (
                    [key] => utmsource
                    [custom_key] => 
                    [value] => 45
                    [custom_value] => 
                )

            [5] => Array
                (
                    [key] => utmmedium
                    [custom_key] => 
                    [value] => 46
                    [custom_value] => 
                )

            [6] => Array
                (
                    [key] => utmcampaign
                    [custom_key] => 
                    [value] => 54
                    [custom_value] => 
                )

            [7] => Array
                (
                    [key] => utmid
                    [custom_key] => 
                    [value] => 48
                    [custom_value] => 
                )

            [8] => Array
                (
                    [key] => inquiringfor
                    [custom_key] => 
                    [value] => gf_custom
                    [custom_value] => Myself
                )

            [9] => Array
                (
                    [key] => gclid
                    [custom_key] => 
                    [value] => 49
                    [custom_value] => 
                )

            [10] => Array
                (
                    [key] => fbclid
                    [custom_key] => 
                    [value] => 57
                    [custom_value] => 
                )

            [11] => Array
                (
                    [key] => gad
                    [custom_key] => 
                    [value] => 58
                    [custom_value] => 
                )

            [12] => Array
                (
                    [key] => gad_2
                    [custom_key] => 
                    [value] => 59
                    [custom_value] => 
                )

            [13] => Array
                (
                    [key] => gad_source
                    [custom_key] => 
                    [value] => 60
                    [custom_value] => 
                )

            [14] => Array
                (
                    [key] => display
                    [custom_key] => 
                    [value] => 55
                    [custom_value] => 
                )

            [15] => Array
                (
                    [key] => marketsource
                    [custom_key] => 
                    [value] => 65
                    [custom_value] => 
                )

            [16] => Array
                (
                    [key] => SourceURL
                    [custom_key] => 
                    [value] => 28
                    [custom_value] => 
                )

            [17] => Array
                (
                    [key] => DoNotCall
                    [custom_key] => 
                    [value] => 62
                    [custom_value] => 
                )

            [18] => Array
                (
                    [key] => DoNotText
                    [custom_key] => 
                    [value] => 64
                    [custom_value] => 
                )

            [19] => Array
                (
                    [key] => DoNotEmail
                    [custom_key] => 
                    [value] => 63
                    [custom_value] => 
                )

            [20] => Array
                (
                    [key] => careLevel
                    [custom_key] => 
                    [value] => 21
                    [custom_value] => 
                )

            [21] => Array
                (
                    [key] => phone
                    [custom_key] => 
                    [value] => 4
                    [custom_value] => 
                )

            [22] => Array
                (
                    [key] => Message
                    [custom_key] => 
                    [value] => 27
                    [custom_value] => 
                )

            [23] => Array
                (
                    [key] => notrigger
                    [custom_key] => 
                    [value] => 53
                    [custom_value] => 
                )

            [24] => Array
                (
                    [key] => RequestTour
                    [custom_key] => 
                    [value] => 41.1
                    [custom_value] => 
                )

            [25] => Array
                (
                    [key] => RequestBrochure
                    [custom_key] => 
                    [value] => 41.2
                    [custom_value] => 
                )

            [26] => Array
                (
                    [key] => RequestPricingInfo
                    [custom_key] => 
                    [value] => 41.3
                    [custom_value] => 
                )

            [27] => Array
                (
                    [key] => KnowledgeComfort
                    [custom_key] => 
                    [value] => 32.1
                    [custom_value] => 
                )

            [28] => Array
                (
                    [key] => SeekingSupport
                    [custom_key] => 
                    [value] => 32.2
                    [custom_value] => 
                )

            [29] => Array
                (
                    [key] => EmpoweringRetirement
                    [custom_key] => 
                    [value] => 32.3
                    [custom_value] => 
                )

        )

    [addon_slug] => gravity-api-trap
    [event_type] => 
)
Bypass check — noTrigger: "" | careLevel: "assisted living"Not bypassing — proceeding with API submissionPrimary contact ID: prospectAPI request JSON data: {
    "individuals": [
        {
            "communities": [
                {
                    "NameUnique": "CSL054DANV"
                }
            ],
            "properties": [
                {
                    "property": "FirstName",
                    "value": "MikeSage"
                },
                {
                    "property": "LastName",
                    "value": "DanvUTM"
                },
                {
                    "property": "Home Phone",
                    "value": "8435551045"
                },
                {
                    "property": "Email",
                    "value": "michael+danvutm1045@sageage.com"
                },
                {
                    "property": "type",
                    "value": "prospect"
                },
                {
                    "property": "Status Code",
                    "value": "Not Yet Classified"
                },
                {
                    "property": "Care Level",
                    "value": "Assisted Living"
                },
                {
                    "property": "UTM Source",
                    "value": "facebook"
                },
                {
                    "property": "UTM Medium",
                    "value": "paidsocial"
                },
                {
                    "property": "UTM Campaign",
                    "value": "test_fb_conversion"
                },
                {
                    "property": "UTM Id",
                    "value": "fb123"
                },
                {
                    "property": "GCLID",
                    "value": ""
                },
                {
                    "property": "FBCLID",
                    "value": ""
                },
                {
                    "property": "gad",
                    "value": ""
                },
                {
                    "property": "?gad",
                    "value": ""
                },
                {
                    "property": "gad_source",
                    "value": ""
                },
                {
                    "property": "display",
                    "value": ""
                },
                {
                    "property": "Market Source",
                    "value": "WEB - Facebook Paid"
                },
                {
                    "property": "Request Tour",
                    "value": ""
                },
                {
                    "property": "Request Brochure",
                    "value": ""
                },
                {
                    "property": "Request Pricing",
                    "value": ""
                },
                {
                    "property": "Knowledge is Comfort",
                    "value": ""
                },
                {
                    "property": "Seeking Support",
                    "value": ""
                },
                {
                    "property": "Empowering Retirement",
                    "value": ""
                },
                {
                    "property": "Source Url",
                    "value": "https:\/\/www.charterofdanvers.com\/learn-more\/assisted-living\/?utm_source=facebook&utm_medium=paidsocial&utm_campaign=test_fb_conversion&utm_id=fb123"
                },
                {
                    "property": "DoNotCall",
                    "value": "No"
                },
                {
                    "property": "DoNotText",
                    "value": "No"
                },
                {
                    "property": "DoNotEmail",
                    "value": "No"
                },
                {
                    "property": "Lead Status",
                    "value": "Pending \/ Not Yet Classified "
                }
            ],
            "activities": [
                {
                    "reInquiry": true,
                    "description": "Webform",
                    "activityStatusMasterId": 3,
                    "activityResultMasterId": 3,
                    "activityTypeMasterId": 17
                }
            ],
            "notes": [
                {
                    "Message": "Original Comments: Testing\nEvent Name: \nEvent Date: \nCommunity: CSL054DANV\nEmail: michael+danvutm1045@sageage.com\nName: MikeSage DanvUTM\nPhone: 8435551045\nInquiring For: \nUTM Source: facebook\nUTM Campaign: test_fb_conversion\nUTM Medium: paidsocial\nUTM ID: fb123\nGCLID: \nFBCLID: \n?gad: \n&gad: \ngad_source: \ndisplay: \nMarket Source: WEB - Facebook Paid\nCare Level: Assisted Living\nPrimary Contact ID: prospect\nNumber Attending: \nRequest Tour \nRequest Brochure \nRequest Pricing Info \nKnowledge is Comfort \nSeeking Support \nEmpowering Retirement \nSource URL https:\/\/www.charterofdanvers.com\/learn-more\/assisted-living\/?utm_source=facebook&utm_medium=paidsocial&utm_campaign=test_fb_conversion&utm_id=fb123\nDoNotCall No\nDoNotText No\nDoNotEmail No\n"
                }
            ]
        }
    ]
}API request successful: 200 - {"Message":"success","Individuals":[{"id":4666050,"href":"/individual/details/4666050","name":"MikeSage DanvUTM","community":"CSL054DANV","type":6,"isduplicate":false,"properties":[{"property":"Home Phone","value":"8435551045","status":"Saved","message":"Property was saved successfully"},{"property":"Email","value":"michael+danvutm1045@sageage.com","status":"Saved","message":"Property was saved successfully"},{"property":"Status Code","value":"Not Yet Classified","status":"Not Found","message":"property was not found by label or Id"},{"property":"Care Level","value":"Assisted Living","status":"Saved","message":"Property was saved successfully"},{"property":"UTM Source","value":"facebook","status":"Not Found","message":"property was not found by label or Id"},{"property":"UTM Medium","value":"paidsocial","status":"Not Found","message":"property was not found by label or Id"},{"property":"UTM Campaign","value":"test_fb_conversion","status":"Not Found","message":"property was not found by label or Id"},{"property":"UTM Id","value":"fb123","status":"Not Found","message":"property was not found by label or Id"},{"property":"GCLID","value":"","status":"Not Found","message":"property was not found by label or Id"},{"property":"FBCLID","value":"","status":"Not Found","message":"property was not found by label or Id"},{"property":"gad","value":"","status":"Not Found","message":"property was not found by label or Id"},{"property":"?gad","value":"","status":"Not Found","message":"property was not found by label or Id"},{"property":"gad_source","value":"","status":"Not Found","message":"property was not found by label or Id"},{"property":"display","value":"","status":"Not Found","message":"property was not found by label or Id"},{"property":"Market Source","value":"WEB - Facebook Paid","status":"Not Found","message":"Could not save, invalid value or Id"},{"property":"Request Tour","value":"","status":"Not Found","message":"property was not found by label or Id"},{"property":"Request Brochure","value":"","status":"Not Found","message":"property was not found by label or Id"},{"property":"Request Pricing","value":"","status":"Not Found","message":"property was not found by label or Id"},{"property":"Knowledge is Comfort","value":"","status":"Not Found","message":"property was not found by label or Id"},{"property":"Seeking Support","value":"","status":"Not Found","message":"property was not found by label or Id"},{"property":"Empowering Retirement","value":"","status":"Not Found","message":"property was not found by label or Id"},{"property":"Source Url","value":"https://www.charterofdanvers.com/learn-more/assisted-living/?utm_source=facebook&utm_medium=paidsocial&utm_campaign=test_fb_conversion&utm_id=fb123","status":"Not Found","message":"property was not found by label or Id"},{"property":"DoNotCall","value":"No","status":"Saved"},{"property":"DoNotText","value":"No","status":"Saved"},{"property":"DoNotEmail","value":"No","status":"Saved"},{"property":"Lead Status","value":"Pending / Not Yet Classified ","status":"Saved","message":"Property was saved successfully"}]}],"Activities":[{"timestamp":"2026-04-23T14:45:28.9794547Z","links":[{"href":"/activity/details/30283977"}],"message":"Success","status":{"1":"activity: Webform is created successfully."}}]}Feed data: Array
(
    [id] => 24
    [form_id] => 27
    [is_active] => 1
    [feed_order] => 0
    [meta_feedName] => Enquire/Aline API Feed 1
    [meta_formFieldMap] => Array
        (
            [0] => Array
                (
                    [key] => Email
                    [custom_key] => 
                    [value] => 3
                    [custom_value] => 
                )

            [1] => Array
                (
                    [key] => FirstName
                    [custom_key] => 
                    [value] => 1
                    [custom_value] => 
                )

            [2] => Array
                (
                    [key] => LastName
                    [custom_key] => 
                    [value] => 2
                    [custom_value] => 
                )

            [3] => Array
                (
                    [key] => communityunique
                    [custom_key] => 
                    [value] => 56
                    [custom_value] => 
                )

            [4] => Array
                (
                    [key] => utmsource
                    [custom_key] => 
                    [value] => 45
                    [custom_value] => 
                )

            [5] => Array
                (
                    [key] => utmmedium
                    [custom_key] => 
                    [value] => 46
                    [custom_value] => 
                )

            [6] => Array
                (
                    [key] => utmcampaign
                    [custom_key] => 
                    [value] => 54
                    [custom_value] => 
                )

            [7] => Array
                (
                    [key] => utmid
                    [custom_key] => 
                    [value] => 48
                    [custom_value] => 
                )

            [8] => Array
                (
                    [key] => inquiringfor
                    [custom_key] => 
                    [value] => gf_custom
                    [custom_value] => Myself
                )

            [9] => Array
                (
                    [key] => gclid
                    [custom_key] => 
                    [value] => 49
                    [custom_value] => 
                )

            [10] => Array
                (
                    [key] => fbclid
                    [custom_key] => 
                    [value] => 57
                    [custom_value] => 
                )

            [11] => Array
                (
                    [key] => gad
                    [custom_key] => 
                    [value] => 58
                    [custom_value] => 
                )

            [12] => Array
                (
                    [key] => gad_2
                    [custom_key] => 
                    [value] => 59
                    [custom_value] => 
                )

            [13] => Array
                (
                    [key] => gad_source
                    [custom_key] => 
                    [value] => 60
                    [custom_value] => 
                )

            [14] => Array
                (
                    [key] => display
                    [custom_key] => 
                    [value] => 55
                    [custom_value] => 
                )

            [15] => Array
                (
                    [key] => marketsource
                    [custom_key] => 
                    [value] => 65
                    [custom_value] => 
                )

            [16] => Array
                (
                    [key] => SourceURL
                    [custom_key] => 
                    [value] => 28
                    [custom_value] => 
                )

            [17] => Array
                (
                    [key] => DoNotCall
                    [custom_key] => 
                    [value] => 62
                    [custom_value] => 
                )

            [18] => Array
                (
                    [key] => DoNotText
                    [custom_key] => 
                    [value] => 64
                    [custom_value] => 
                )

            [19] => Array
                (
                    [key] => DoNotEmail
                    [custom_key] => 
                    [value] => 63
                    [custom_value] => 
                )

            [20] => Array
                (
                    [key] => careLevel
                    [custom_key] => 
                    [value] => 21
                    [custom_value] => 
                )

            [21] => Array
                (
                    [key] => phone
                    [custom_key] => 
                    [value] => 4
                    [custom_value] => 
                )

            [22] => Array
                (
                    [key] => Message
                    [custom_key] => 
                    [value] => 27
                    [custom_value] => 
                )

            [23] => Array
                (
                    [key] => notrigger
                    [custom_key] => 
                    [value] => 53
                    [custom_value] => 
                )

            [24] => Array
                (
                    [key] => RequestTour
                    [custom_key] => 
                    [value] => 41.1
                    [custom_value] => 
                )

            [25] => Array
                (
                    [key] => RequestBrochure
                    [custom_key] => 
                    [value] => 41.2
                    [custom_value] => 
                )

            [26] => Array
                (
                    [key] => RequestPricingInfo
                    [custom_key] => 
                    [value] => 41.3
                    [custom_value] => 
                )

            [27] => Array
                (
                    [key] => KnowledgeComfort
                    [custom_key] => 
                    [value] => 32.1
                    [custom_value] => 
                )

            [28] => Array
                (
                    [key] => SeekingSupport
                    [custom_key] => 
                    [value] => 32.2
                    [custom_value] => 
                )

            [29] => Array
                (
                    [key] => EmpoweringRetirement
                    [custom_key] => 
                    [value] => 32.3
                    [custom_value] => 
                )

        )

    [addon_slug] => gravity-api-trap
    [event_type] => 
)
Bypass check — noTrigger: "" | careLevel: "memory care"Not bypassing — proceeding with API submissionPrimary contact ID: prospectAPI request JSON data: {
    "individuals": [
        {
            "communities": [
                {
                    "NameUnique": "CSL054DANV"
                }
            ],
            "properties": [
                {
                    "property": "FirstName",
                    "value": "Casey"
                },
                {
                    "property": "LastName",
                    "value": "Sage Age Testing"
                },
                {
                    "property": "Home Phone",
                    "value": "2221234567"
                },
                {
                    "property": "Email",
                    "value": "cgreene+test@sageage.com"
                },
                {
                    "property": "type",
                    "value": "prospect"
                },
                {
                    "property": "Status Code",
                    "value": "Not Yet Classified"
                },
                {
                    "property": "Care Level",
                    "value": "Memory Care"
                },
                {
                    "property": "UTM Source",
                    "value": ""
                },
                {
                    "property": "UTM Medium",
                    "value": ""
                },
                {
                    "property": "UTM Campaign",
                    "value": ""
                },
                {
                    "property": "UTM Id",
                    "value": ""
                },
                {
                    "property": "GCLID",
                    "value": ""
                },
                {
                    "property": "FBCLID",
                    "value": ""
                },
                {
                    "property": "gad",
                    "value": ""
                },
                {
                    "property": "?gad",
                    "value": ""
                },
                {
                    "property": "gad_source",
                    "value": ""
                },
                {
                    "property": "display",
                    "value": ""
                },
                {
                    "property": "Market Source",
                    "value": "WEB - Company Website"
                },
                {
                    "property": "Request Tour",
                    "value": ""
                },
                {
                    "property": "Request Brochure",
                    "value": ""
                },
                {
                    "property": "Request Pricing",
                    "value": ""
                },
                {
                    "property": "Knowledge is Comfort",
                    "value": ""
                },
                {
                    "property": "Seeking Support",
                    "value": ""
                },
                {
                    "property": "Empowering Retirement",
                    "value": ""
                },
                {
                    "property": "Source Url",
                    "value": "https:\/\/www.charterofdanvers.com\/"
                },
                {
                    "property": "DoNotCall",
                    "value": "No"
                },
                {
                    "property": "DoNotText",
                    "value": "No"
                },
                {
                    "property": "DoNotEmail",
                    "value": "No"
                },
                {
                    "property": "Lead Status",
                    "value": "Pending \/ Not Yet Classified "
                }
            ],
            "activities": [
                {
                    "reInquiry": true,
                    "description": "Webform",
                    "activityStatusMasterId": 3,
                    "activityResultMasterId": 3,
                    "activityTypeMasterId": 17
                }
            ],
            "notes": [
                {
                    "Message": "Original Comments: \nEvent Name: \nEvent Date: \nCommunity: CSL054DANV\nEmail: cgreene+test@sageage.com\nName: Casey Sage Age Testing\nPhone: 2221234567\nInquiring For: \nUTM Source: \nUTM Campaign: \nUTM Medium: \nUTM ID: \nGCLID: \nFBCLID: \n?gad: \n&gad: \ngad_source: \ndisplay: \nMarket Source: WEB - Company Website\nCare Level: Memory Care\nPrimary Contact ID: prospect\nNumber Attending: \nRequest Tour \nRequest Brochure \nRequest Pricing Info \nKnowledge is Comfort \nSeeking Support \nEmpowering Retirement \nSource URL https:\/\/www.charterofdanvers.com\/\nDoNotCall No\nDoNotText No\nDoNotEmail No\n"
                }
            ]
        }
    ]
}API request successful: 200 - {"Message":"success","Individuals":[{"id":4666467,"href":"/individual/details/4666467","name":"Casey Sage Age Testing","community":"CSL054DANV","type":6,"isduplicate":false,"properties":[{"property":"Home Phone","value":"2221234567","status":"Saved","message":"Property was saved successfully"},{"property":"Email","value":"cgreene+test@sageage.com","status":"Saved","message":"Property was saved successfully"},{"property":"Status Code","value":"Not Yet Classified","status":"Not Found","message":"property was not found by label or Id"},{"property":"Care Level","value":"Memory Care","status":"Saved","message":"Property was saved successfully"},{"property":"UTM Source","value":"","status":"Not Found","message":"property was not found by label or Id"},{"property":"UTM Medium","value":"","status":"Not Found","message":"property was not found by label or Id"},{"property":"UTM Campaign","value":"","status":"Not Found","message":"property was not found by label or Id"},{"property":"UTM Id","value":"","status":"Not Found","message":"property was not found by label or Id"},{"property":"GCLID","value":"","status":"Not Found","message":"property was not found by label or Id"},{"property":"FBCLID","value":"","status":"Not Found","message":"property was not found by label or Id"},{"property":"gad","value":"","status":"Not Found","message":"property was not found by label or Id"},{"property":"?gad","value":"","status":"Not Found","message":"property was not found by label or Id"},{"property":"gad_source","value":"","status":"Not Found","message":"property was not found by label or Id"},{"property":"display","value":"","status":"Not Found","message":"property was not found by label or Id"},{"property":"Market Source","value":"WEB - Company Website","status":"Saved","message":"Property was saved successfully"},{"property":"Request Tour","value":"","status":"Not Found","message":"property was not found by label or Id"},{"property":"Request Brochure","value":"","status":"Not Found","message":"property was not found by label or Id"},{"property":"Request Pricing","value":"","status":"Not Found","message":"property was not found by label or Id"},{"property":"Knowledge is Comfort","value":"","status":"Not Found","message":"property was not found by label or Id"},{"property":"Seeking Support","value":"","status":"Not Found","message":"property was not found by label or Id"},{"property":"Empowering Retirement","value":"","status":"Not Found","message":"property was not found by label or Id"},{"property":"Source Url","value":"https://www.charterofdanvers.com/","status":"Not Found","message":"property was not found by label or Id"},{"property":"DoNotCall","value":"No","status":"Saved"},{"property":"DoNotText","value":"No","status":"Saved"},{"property":"DoNotEmail","value":"No","status":"Saved"},{"property":"Lead Status","value":"Pending / Not Yet Classified ","status":"Saved","message":"Property was saved successfully"}]}],"Activities":[{"timestamp":"2026-04-24T18:54:46.0911383Z","links":[{"href":"/activity/details/30320998"}],"message":"Success","status":{"1":"activity: Webform is created successfully."}}]}Feed data: Array
(
    [id] => 24
    [form_id] => 27
    [is_active] => 1
    [feed_order] => 0
    [meta_feedName] => Enquire/Aline API Feed 1
    [meta_formFieldMap] => Array
        (
            [0] => Array
                (
                    [key] => Email
                    [custom_key] => 
                    [value] => 3
                    [custom_value] => 
                )

            [1] => Array
                (
                    [key] => FirstName
                    [custom_key] => 
                    [value] => 1
                    [custom_value] => 
                )

            [2] => Array
                (
                    [key] => LastName
                    [custom_key] => 
                    [value] => 2
                    [custom_value] => 
                )

            [3] => Array
                (
                    [key] => communityunique
                    [custom_key] => 
                    [value] => 56
                    [custom_value] => 
                )

            [4] => Array
                (
                    [key] => utmsource
                    [custom_key] => 
                    [value] => 45
                    [custom_value] => 
                )

            [5] => Array
                (
                    [key] => utmmedium
                    [custom_key] => 
                    [value] => 46
                    [custom_value] => 
                )

            [6] => Array
                (
                    [key] => utmcampaign
                    [custom_key] => 
                    [value] => 54
                    [custom_value] => 
                )

            [7] => Array
                (
                    [key] => utmid
                    [custom_key] => 
                    [value] => 48
                    [custom_value] => 
                )

            [8] => Array
                (
                    [key] => inquiringfor
                    [custom_key] => 
                    [value] => gf_custom
                    [custom_value] => Myself
                )

            [9] => Array
                (
                    [key] => gclid
                    [custom_key] => 
                    [value] => 49
                    [custom_value] => 
                )

            [10] => Array
                (
                    [key] => fbclid
                    [custom_key] => 
                    [value] => 57
                    [custom_value] => 
                )

            [11] => Array
                (
                    [key] => gad
                    [custom_key] => 
                    [value] => 58
                    [custom_value] => 
                )

            [12] => Array
                (
                    [key] => gad_2
                    [custom_key] => 
                    [value] => 59
                    [custom_value] => 
                )

            [13] => Array
                (
                    [key] => gad_source
                    [custom_key] => 
                    [value] => 60
                    [custom_value] => 
                )

            [14] => Array
                (
                    [key] => display
                    [custom_key] => 
                    [value] => 55
                    [custom_value] => 
                )

            [15] => Array
                (
                    [key] => marketsource
                    [custom_key] => 
                    [value] => 65
                    [custom_value] => 
                )

            [16] => Array
                (
                    [key] => SourceURL
                    [custom_key] => 
                    [value] => 28
                    [custom_value] => 
                )

            [17] => Array
                (
                    [key] => DoNotCall
                    [custom_key] => 
                    [value] => 62
                    [custom_value] => 
                )

            [18] => Array
                (
                    [key] => DoNotText
                    [custom_key] => 
                    [value] => 64
                    [custom_value] => 
                )

            [19] => Array
                (
                    [key] => DoNotEmail
                    [custom_key] => 
                    [value] => 63
                    [custom_value] => 
                )

            [20] => Array
                (
                    [key] => careLevel
                    [custom_key] => 
                    [value] => 21
                    [custom_value] => 
                )

            [21] => Array
                (
                    [key] => phone
                    [custom_key] => 
                    [value] => 4
                    [custom_value] => 
                )

            [22] => Array
                (
                    [key] => Message
                    [custom_key] => 
                    [value] => 27
                    [custom_value] => 
                )

            [23] => Array
                (
                    [key] => notrigger
                    [custom_key] => 
                    [value] => 53
                    [custom_value] => 
                )

            [24] => Array
                (
                    [key] => RequestTour
                    [custom_key] => 
                    [value] => 41.1
                    [custom_value] => 
                )

            [25] => Array
                (
                    [key] => RequestBrochure
                    [custom_key] => 
                    [value] => 41.2
                    [custom_value] => 
                )

            [26] => Array
                (
                    [key] => RequestPricingInfo
                    [custom_key] => 
                    [value] => 41.3
                    [custom_value] => 
                )

            [27] => Array
                (
                    [key] => KnowledgeComfort
                    [custom_key] => 
                    [value] => 32.1
                    [custom_value] => 
                )

            [28] => Array
                (
                    [key] => SeekingSupport
                    [custom_key] => 
                    [value] => 32.2
                    [custom_value] => 
                )

            [29] => Array
                (
                    [key] => EmpoweringRetirement
                    [custom_key] => 
                    [value] => 32.3
                    [custom_value] => 
                )

        )

    [addon_slug] => gravity-api-trap
    [event_type] => 
)
Bypass check — noTrigger: "true" | careLevel: "employment"Bypassing: noTrigger field is trueFeed data: Array
(
    [id] => 22
    [form_id] => 26
    [is_active] => 1
    [feed_order] => 0
    [meta_feedName] => Enquire/Aline API Feed 1
    [meta_formFieldMap] => Array
        (
            [0] => Array
                (
                    [key] => Email
                    [custom_key] => 
                    [value] => 4
                    [custom_value] => 
                )

            [1] => Array
                (
                    [key] => FirstName
                    [custom_key] => 
                    [value] => 1
                    [custom_value] => 
                )

            [2] => Array
                (
                    [key] => LastName
                    [custom_key] => 
                    [value] => 2
                    [custom_value] => 
                )

            [3] => Array
                (
                    [key] => phone
                    [custom_key] => 
                    [value] => 3
                    [custom_value] => 
                )

            [4] => Array
                (
                    [key] => inquiringfor
                    [custom_key] => 
                    [value] => gf_custom
                    [custom_value] => Myself
                )

            [5] => Array
                (
                    [key] => utmsource
                    [custom_key] => 
                    [value] => 10
                    [custom_value] => 
                )

            [6] => Array
                (
                    [key] => utmmedium
                    [custom_key] => 
                    [value] => 11
                    [custom_value] => 
                )

            [7] => Array
                (
                    [key] => utmcampaign
                    [custom_key] => 
                    [value] => 12
                    [custom_value] => 
                )

            [8] => Array
                (
                    [key] => utmid
                    [custom_key] => 
                    [value] => 13
                    [custom_value] => 
                )

            [9] => Array
                (
                    [key] => gclid
                    [custom_key] => 
                    [value] => 14
                    [custom_value] => 
                )

            [10] => Array
                (
                    [key] => fbclid
                    [custom_key] => 
                    [value] => 21
                    [custom_value] => 
                )

            [11] => Array
                (
                    [key] => gad
                    [custom_key] => 
                    [value] => 16
                    [custom_value] => 
                )

            [12] => Array
                (
                    [key] => gad_2
                    [custom_key] => 
                    [value] => 16
                    [custom_value] => 
                )

            [13] => Array
                (
                    [key] => gad_source
                    [custom_key] => 
                    [value] => 18
                    [custom_value] => 
                )

            [14] => Array
                (
                    [key] => display
                    [custom_key] => 
                    [value] => 15
                    [custom_value] => 
                )

            [15] => Array
                (
                    [key] => communityunique
                    [custom_key] => 
                    [value] => 9
                    [custom_value] => 
                )

            [16] => Array
                (
                    [key] => marketsource
                    [custom_key] => 
                    [value] => 22
                    [custom_value] => 
                )

            [17] => Array
                (
                    [key] => eventname
                    [custom_key] => 
                    [value] => 6
                    [custom_value] => 
                )

            [18] => Array
                (
                    [key] => eventdate
                    [custom_key] => 
                    [value] => 7
                    [custom_value] => 
                )

            [19] => Array
                (
                    [key] => SourceURL
                    [custom_key] => 
                    [value] => source_url
                    [custom_value] => 
                )

            [20] => Array
                (
                    [key] => DoNotCall
                    [custom_key] => 
                    [value] => 24
                    [custom_value] => 
                )

            [21] => Array
                (
                    [key] => DoNotText
                    [custom_key] => 
                    [value] => 24
                    [custom_value] => 
                )

            [22] => Array
                (
                    [key] => DoNotEmail
                    [custom_key] => 
                    [value] => 24
                    [custom_value] => 
                )

        )

    [addon_slug] => gravity-api-trap
    [event_type] => 
)
Bypass check — noTrigger: "" | careLevel: ""Not bypassing — proceeding with API submissionCare level value is nullPrimary contact ID: prospectAPI request JSON data: {
    "individuals": [
        {
            "communities": [
                {
                    "NameUnique": "CSL054DANV"
                }
            ],
            "properties": [
                {
                    "property": "FirstName",
                    "value": "Casey"
                },
                {
                    "property": "LastName",
                    "value": "Sage Age Testing"
                },
                {
                    "property": "Home Phone",
                    "value": "2221234567"
                },
                {
                    "property": "Email",
                    "value": "cgreene+test@sageage.com"
                },
                {
                    "property": "type",
                    "value": "prospect"
                },
                {
                    "property": "Status Code",
                    "value": "Not Yet Classified"
                },
                {
                    "property": "Care Level",
                    "value": "Assisted Living"
                },
                {
                    "property": "UTM Source",
                    "value": ""
                },
                {
                    "property": "UTM Medium",
                    "value": ""
                },
                {
                    "property": "UTM Campaign",
                    "value": ""
                },
                {
                    "property": "UTM Id",
                    "value": ""
                },
                {
                    "property": "GCLID",
                    "value": ""
                },
                {
                    "property": "FBCLID",
                    "value": ""
                },
                {
                    "property": "gad",
                    "value": ""
                },
                {
                    "property": "?gad",
                    "value": ""
                },
                {
                    "property": "gad_source",
                    "value": ""
                },
                {
                    "property": "display",
                    "value": ""
                },
                {
                    "property": "Market Source",
                    "value": "Event"
                },
                {
                    "property": "Request Tour",
                    "value": null
                },
                {
                    "property": "Request Brochure",
                    "value": null
                },
                {
                    "property": "Request Pricing",
                    "value": null
                },
                {
                    "property": "Knowledge is Comfort",
                    "value": null
                },
                {
                    "property": "Seeking Support",
                    "value": null
                },
                {
                    "property": "Empowering Retirement",
                    "value": null
                },
                {
                    "property": "Source Url",
                    "value": "https:\/\/www.charterofdanvers.com\/events\/lighten-launch-downsizing-event\/"
                },
                {
                    "property": "DoNotCall",
                    "value": "No"
                },
                {
                    "property": "DoNotText",
                    "value": "No"
                },
                {
                    "property": "DoNotEmail",
                    "value": "No"
                },
                {
                    "property": "Lead Status",
                    "value": "Pending \/ Not Yet Classified "
                }
            ],
            "activities": [
                {
                    "reInquiry": true,
                    "description": "Webform",
                    "activityStatusMasterId": 3,
                    "activityResultMasterId": 3,
                    "activityTypeMasterId": 17
                }
            ],
            "notes": [
                {
                    "Message": "Original Comments: \nEvent Name: Lighten & Launch Downsizing Event\nEvent Date: 2026-05-22\nCommunity: CSL054DANV\nEmail: cgreene+test@sageage.com\nName: Casey Sage Age Testing\nPhone: 2221234567\nInquiring For: \nUTM Source: \nUTM Campaign: \nUTM Medium: \nUTM ID: \nGCLID: \nFBCLID: \n?gad: \n&gad: \ngad_source: \ndisplay: \nMarket Source: Event\nCare Level: Assisted Living\nPrimary Contact ID: prospect\nNumber Attending: \nRequest Tour \nRequest Brochure \nRequest Pricing Info \nKnowledge is Comfort \nSeeking Support \nEmpowering Retirement \nSource URL https:\/\/www.charterofdanvers.com\/events\/lighten-launch-downsizing-event\/\nDoNotCall No\nDoNotText No\nDoNotEmail No\n"
                }
            ]
        }
    ]
}API request successful: 200 - {"Message":"success","Individuals":[{"id":4667407,"href":"/individual/details/4667407","name":"Casey Sage Age Testing","community":"CSL054DANV","type":6,"isduplicate":false,"properties":[{"property":"Home Phone","value":"2221234567","status":"Saved","message":"Property was saved successfully"},{"property":"Email","value":"cgreene+test@sageage.com","status":"Saved","message":"Property was saved successfully"},{"property":"Status Code","value":"Not Yet Classified","status":"Not Found","message":"property was not found by label or Id"},{"property":"Care Level","value":"Assisted Living","status":"Saved","message":"Property was saved successfully"},{"property":"UTM Source","value":"","status":"Not Found","message":"property was not found by label or Id"},{"property":"UTM Medium","value":"","status":"Not Found","message":"property was not found by label or Id"},{"property":"UTM Campaign","value":"","status":"Not Found","message":"property was not found by label or Id"},{"property":"UTM Id","value":"","status":"Not Found","message":"property was not found by label or Id"},{"property":"GCLID","value":"","status":"Not Found","message":"property was not found by label or Id"},{"property":"FBCLID","value":"","status":"Not Found","message":"property was not found by label or Id"},{"property":"gad","value":"","status":"Not Found","message":"property was not found by label or Id"},{"property":"?gad","value":"","status":"Not Found","message":"property was not found by label or Id"},{"property":"gad_source","value":"","status":"Not Found","message":"property was not found by label or Id"},{"property":"display","value":"","status":"Not Found","message":"property was not found by label or Id"},{"property":"Market Source","value":"Event","status":"Saved","message":"Property was saved successfully"},{"property":"Request Tour","status":"Not Found","message":"property was not found by label or Id"},{"property":"Request Brochure","status":"Not Found","message":"property was not found by label or Id"},{"property":"Request Pricing","status":"Not Found","message":"property was not found by label or Id"},{"property":"Knowledge is Comfort","status":"Not Found","message":"property was not found by label or Id"},{"property":"Seeking Support","status":"Not Found","message":"property was not found by label or Id"},{"property":"Empowering Retirement","status":"Not Found","message":"property was not found by label or Id"},{"property":"Source Url","value":"https://www.charterofdanvers.com/events/lighten-launch-downsizing-event/","status":"Not Found","message":"property was not found by label or Id"},{"property":"DoNotCall","value":"No","status":"Saved"},{"property":"DoNotText","value":"No","status":"Saved"},{"property":"DoNotEmail","value":"No","status":"Saved"},{"property":"Lead Status","value":"Pending / Not Yet Classified ","status":"Saved","message":"Property was saved successfully"}]}],"Activities":[{"timestamp":"2026-04-29T16:19:52.0254527Z","links":[{"href":"/activity/details/30467169"}],"message":"Success","status":{"1":"activity: Webform is created successfully."}}]}Feed data: Array
(
    [id] => 22
    [form_id] => 26
    [is_active] => 1
    [feed_order] => 0
    [meta_feedName] => Enquire/Aline API Feed 1
    [meta_formFieldMap] => Array
        (
            [0] => Array
                (
                    [key] => Email
                    [custom_key] => 
                    [value] => 4
                    [custom_value] => 
                )

            [1] => Array
                (
                    [key] => FirstName
                    [custom_key] => 
                    [value] => 1
                    [custom_value] => 
                )

            [2] => Array
                (
                    [key] => LastName
                    [custom_key] => 
                    [value] => 2
                    [custom_value] => 
                )

            [3] => Array
                (
                    [key] => phone
                    [custom_key] => 
                    [value] => 3
                    [custom_value] => 
                )

            [4] => Array
                (
                    [key] => inquiringfor
                    [custom_key] => 
                    [value] => gf_custom
                    [custom_value] => Myself
                )

            [5] => Array
                (
                    [key] => utmsource
                    [custom_key] => 
                    [value] => 10
                    [custom_value] => 
                )

            [6] => Array
                (
                    [key] => utmmedium
                    [custom_key] => 
                    [value] => 11
                    [custom_value] => 
                )

            [7] => Array
                (
                    [key] => utmcampaign
                    [custom_key] => 
                    [value] => 12
                    [custom_value] => 
                )

            [8] => Array
                (
                    [key] => utmid
                    [custom_key] => 
                    [value] => 13
                    [custom_value] => 
                )

            [9] => Array
                (
                    [key] => gclid
                    [custom_key] => 
                    [value] => 14
                    [custom_value] => 
                )

            [10] => Array
                (
                    [key] => fbclid
                    [custom_key] => 
                    [value] => 21
                    [custom_value] => 
                )

            [11] => Array
                (
                    [key] => gad
                    [custom_key] => 
                    [value] => 16
                    [custom_value] => 
                )

            [12] => Array
                (
                    [key] => gad_2
                    [custom_key] => 
                    [value] => 16
                    [custom_value] => 
                )

            [13] => Array
                (
                    [key] => gad_source
                    [custom_key] => 
                    [value] => 18
                    [custom_value] => 
                )

            [14] => Array
                (
                    [key] => display
                    [custom_key] => 
                    [value] => 15
                    [custom_value] => 
                )

            [15] => Array
                (
                    [key] => communityunique
                    [custom_key] => 
                    [value] => 9
                    [custom_value] => 
                )

            [16] => Array
                (
                    [key] => marketsource
                    [custom_key] => 
                    [value] => 22
                    [custom_value] => 
                )

            [17] => Array
                (
                    [key] => eventname
                    [custom_key] => 
                    [value] => 6
                    [custom_value] => 
                )

            [18] => Array
                (
                    [key] => eventdate
                    [custom_key] => 
                    [value] => 7
                    [custom_value] => 
                )

            [19] => Array
                (
                    [key] => SourceURL
                    [custom_key] => 
                    [value] => source_url
                    [custom_value] => 
                )

            [20] => Array
                (
                    [key] => DoNotCall
                    [custom_key] => 
                    [value] => 24
                    [custom_value] => 
                )

            [21] => Array
                (
                    [key] => DoNotText
                    [custom_key] => 
                    [value] => 24
                    [custom_value] => 
                )

            [22] => Array
                (
                    [key] => DoNotEmail
                    [custom_key] => 
                    [value] => 24
                    [custom_value] => 
                )

        )

    [addon_slug] => gravity-api-trap
    [event_type] => 
)
Bypass check — noTrigger: "" | careLevel: ""Not bypassing — proceeding with API submissionCare level value is nullPrimary contact ID: prospectAPI request JSON data: {
    "individuals": [
        {
            "communities": [
                {
                    "NameUnique": "CSL054DANV"
                }
            ],
            "properties": [
                {
                    "property": "FirstName",
                    "value": "Susan"
                },
                {
                    "property": "LastName",
                    "value": "Winthrop"
                },
                {
                    "property": "Home Phone",
                    "value": "5086330765"
                },
                {
                    "property": "Email",
                    "value": "susanwinthrop@gmail.com"
                },
                {
                    "property": "type",
                    "value": "prospect"
                },
                {
                    "property": "Status Code",
                    "value": "Not Yet Classified"
                },
                {
                    "property": "Care Level",
                    "value": "Assisted Living"
                },
                {
                    "property": "UTM Source",
                    "value": ""
                },
                {
                    "property": "UTM Medium",
                    "value": ""
                },
                {
                    "property": "UTM Campaign",
                    "value": ""
                },
                {
                    "property": "UTM Id",
                    "value": ""
                },
                {
                    "property": "GCLID",
                    "value": ""
                },
                {
                    "property": "FBCLID",
                    "value": ""
                },
                {
                    "property": "gad",
                    "value": ""
                },
                {
                    "property": "?gad",
                    "value": ""
                },
                {
                    "property": "gad_source",
                    "value": ""
                },
                {
                    "property": "display",
                    "value": ""
                },
                {
                    "property": "Market Source",
                    "value": "Event"
                },
                {
                    "property": "Request Tour",
                    "value": null
                },
                {
                    "property": "Request Brochure",
                    "value": null
                },
                {
                    "property": "Request Pricing",
                    "value": null
                },
                {
                    "property": "Knowledge is Comfort",
                    "value": null
                },
                {
                    "property": "Seeking Support",
                    "value": null
                },
                {
                    "property": "Empowering Retirement",
                    "value": null
                },
                {
                    "property": "Source Url",
                    "value": "https:\/\/www.charterofdanvers.com\/events\/lighten-launch-downsizing-event\/"
                },
                {
                    "property": "DoNotCall",
                    "value": "No"
                },
                {
                    "property": "DoNotText",
                    "value": "No"
                },
                {
                    "property": "DoNotEmail",
                    "value": "No"
                },
                {
                    "property": "Lead Status",
                    "value": "Pending \/ Not Yet Classified "
                }
            ],
            "activities": [
                {
                    "reInquiry": true,
                    "description": "Webform",
                    "activityStatusMasterId": 3,
                    "activityResultMasterId": 3,
                    "activityTypeMasterId": 17
                }
            ],
            "notes": [
                {
                    "Message": "Original Comments: \nEvent Name: Lighten & Launch Downsizing Event\nEvent Date: 2026-05-22\nCommunity: CSL054DANV\nEmail: susanwinthrop@gmail.com\nName: Susan Winthrop\nPhone: 5086330765\nInquiring For: \nUTM Source: \nUTM Campaign: \nUTM Medium: \nUTM ID: \nGCLID: \nFBCLID: \n?gad: \n&gad: \ngad_source: \ndisplay: \nMarket Source: Event\nCare Level: Assisted Living\nPrimary Contact ID: prospect\nNumber Attending: \nRequest Tour \nRequest Brochure \nRequest Pricing Info \nKnowledge is Comfort \nSeeking Support \nEmpowering Retirement \nSource URL https:\/\/www.charterofdanvers.com\/events\/lighten-launch-downsizing-event\/\nDoNotCall No\nDoNotText No\nDoNotEmail No\n"
                }
            ]
        }
    ]
}API request successful: 200 - {"Message":"success","Individuals":[{"id":4662016,"href":"/individual/details/4662016","name":"Susan Winthrop","community":"CSL054DANV","type":6,"isduplicate":true,"message":"Susan Winthrop is a duplicate and has been merged","properties":[{"property":"Home Phone","value":"5086330765","status":"Saved","message":"Property was saved successfully"},{"property":"Email","value":"susanwinthrop@gmail.com","status":"Saved","message":"Property was saved successfully"},{"property":"Status Code","value":"Not Yet Classified","status":"Not Found","message":"property was not found by label or Id"},{"property":"Care Level","value":"Assisted Living","status":"Saved","message":"Property was saved successfully"},{"property":"UTM Source","value":"","status":"Not Found","message":"property was not found by label or Id"},{"property":"UTM Medium","value":"","status":"Not Found","message":"property was not found by label or Id"},{"property":"UTM Campaign","value":"","status":"Not Found","message":"property was not found by label or Id"},{"property":"UTM Id","value":"","status":"Not Found","message":"property was not found by label or Id"},{"property":"GCLID","value":"","status":"Not Found","message":"property was not found by label or Id"},{"property":"FBCLID","value":"","status":"Not Found","message":"property was not found by label or Id"},{"property":"gad","value":"","status":"Not Found","message":"property was not found by label or Id"},{"property":"?gad","value":"","status":"Not Found","message":"property was not found by label or Id"},{"property":"gad_source","value":"","status":"Not Found","message":"property was not found by label or Id"},{"property":"display","value":"","status":"Not Found","message":"property was not found by label or Id"},{"property":"Request Tour","status":"Not Found","message":"property was not found by label or Id"},{"property":"Request Brochure","status":"Not Found","message":"property was not found by label or Id"},{"property":"Request Pricing","status":"Not Found","message":"property was not found by label or Id"},{"property":"Knowledge is Comfort","status":"Not Found","message":"property was not found by label or Id"},{"property":"Seeking Support","status":"Not Found","message":"property was not found by label or Id"},{"property":"Empowering Retirement","status":"Not Found","message":"property was not found by label or Id"},{"property":"Source Url","value":"https://www.charterofdanvers.com/events/lighten-launch-downsizing-event/","status":"Not Found","message":"property was not found by label or Id"},{"property":"DoNotCall","value":"No","status":"Saved"},{"property":"DoNotText","value":"No","status":"Saved"},{"property":"DoNotEmail","value":"No","status":"Saved"},{"property":"Lead Status","value":"Pending / Not Yet Classified ","status":"Saved","message":"Property was saved successfully"}]}],"Activities":[{"timestamp":"2026-05-04T19:35:52.9730709Z","links":[{"href":"/activity/details/30607420"}],"message":"Success","status":{"1":"activity: Webform is created successfully."}}]}Feed data: Array
(
    [id] => 22
    [form_id] => 26
    [is_active] => 1
    [feed_order] => 0
    [meta_feedName] => Enquire/Aline API Feed 1
    [meta_formFieldMap] => Array
        (
            [0] => Array
                (
                    [key] => Email
                    [custom_key] => 
                    [value] => 4
                    [custom_value] => 
                )

            [1] => Array
                (
                    [key] => FirstName
                    [custom_key] => 
                    [value] => 1
                    [custom_value] => 
                )

            [2] => Array
                (
                    [key] => LastName
                    [custom_key] => 
                    [value] => 2
                    [custom_value] => 
                )

            [3] => Array
                (
                    [key] => phone
                    [custom_key] => 
                    [value] => 3
                    [custom_value] => 
                )

            [4] => Array
                (
                    [key] => inquiringfor
                    [custom_key] => 
                    [value] => gf_custom
                    [custom_value] => Myself
                )

            [5] => Array
                (
                    [key] => utmsource
                    [custom_key] => 
                    [value] => 10
                    [custom_value] => 
                )

            [6] => Array
                (
                    [key] => utmmedium
                    [custom_key] => 
                    [value] => 11
                    [custom_value] => 
                )

            [7] => Array
                (
                    [key] => utmcampaign
                    [custom_key] => 
                    [value] => 12
                    [custom_value] => 
                )

            [8] => Array
                (
                    [key] => utmid
                    [custom_key] => 
                    [value] => 13
                    [custom_value] => 
                )

            [9] => Array
                (
                    [key] => gclid
                    [custom_key] => 
                    [value] => 14
                    [custom_value] => 
                )

            [10] => Array
                (
                    [key] => fbclid
                    [custom_key] => 
                    [value] => 21
                    [custom_value] => 
                )

            [11] => Array
                (
                    [key] => gad
                    [custom_key] => 
                    [value] => 16
                    [custom_value] => 
                )

            [12] => Array
                (
                    [key] => gad_2
                    [custom_key] => 
                    [value] => 16
                    [custom_value] => 
                )

            [13] => Array
                (
                    [key] => gad_source
                    [custom_key] => 
                    [value] => 18
                    [custom_value] => 
                )

            [14] => Array
                (
                    [key] => display
                    [custom_key] => 
                    [value] => 15
                    [custom_value] => 
                )

            [15] => Array
                (
                    [key] => communityunique
                    [custom_key] => 
                    [value] => 9
                    [custom_value] => 
                )

            [16] => Array
                (
                    [key] => marketsource
                    [custom_key] => 
                    [value] => 22
                    [custom_value] => 
                )

            [17] => Array
                (
                    [key] => eventname
                    [custom_key] => 
                    [value] => 6
                    [custom_value] => 
                )

            [18] => Array
                (
                    [key] => eventdate
                    [custom_key] => 
                    [value] => 7
                    [custom_value] => 
                )

            [19] => Array
                (
                    [key] => SourceURL
                    [custom_key] => 
                    [value] => source_url
                    [custom_value] => 
                )

            [20] => Array
                (
                    [key] => DoNotCall
                    [custom_key] => 
                    [value] => 24
                    [custom_value] => 
                )

            [21] => Array
                (
                    [key] => DoNotText
                    [custom_key] => 
                    [value] => 24
                    [custom_value] => 
                )

            [22] => Array
                (
                    [key] => DoNotEmail
                    [custom_key] => 
                    [value] => 24
                    [custom_value] => 
                )

        )

    [addon_slug] => gravity-api-trap
    [event_type] => 
)
Bypass check — noTrigger: "" | careLevel: ""Not bypassing — proceeding with API submissionCare level value is nullPrimary contact ID: prospectAPI request JSON data: {
    "individuals": [
        {
            "communities": [
                {
                    "NameUnique": "CSL054DANV"
                }
            ],
            "properties": [
                {
                    "property": "FirstName",
                    "value": "Lorraine"
                },
                {
                    "property": "LastName",
                    "value": "Bunker"
                },
                {
                    "property": "Home Phone",
                    "value": "9783177886"
                },
                {
                    "property": "Email",
                    "value": "lorraine@bunkerplanet.com"
                },
                {
                    "property": "type",
                    "value": "prospect"
                },
                {
                    "property": "Status Code",
                    "value": "Not Yet Classified"
                },
                {
                    "property": "Care Level",
                    "value": "Assisted Living"
                },
                {
                    "property": "UTM Source",
                    "value": ""
                },
                {
                    "property": "UTM Medium",
                    "value": ""
                },
                {
                    "property": "UTM Campaign",
                    "value": ""
                },
                {
                    "property": "UTM Id",
                    "value": ""
                },
                {
                    "property": "GCLID",
                    "value": ""
                },
                {
                    "property": "FBCLID",
                    "value": ""
                },
                {
                    "property": "gad",
                    "value": ""
                },
                {
                    "property": "?gad",
                    "value": ""
                },
                {
                    "property": "gad_source",
                    "value": ""
                },
                {
                    "property": "display",
                    "value": ""
                },
                {
                    "property": "Market Source",
                    "value": "Event"
                },
                {
                    "property": "Request Tour",
                    "value": null
                },
                {
                    "property": "Request Brochure",
                    "value": null
                },
                {
                    "property": "Request Pricing",
                    "value": null
                },
                {
                    "property": "Knowledge is Comfort",
                    "value": null
                },
                {
                    "property": "Seeking Support",
                    "value": null
                },
                {
                    "property": "Empowering Retirement",
                    "value": null
                },
                {
                    "property": "Source Url",
                    "value": "https:\/\/www.charterofdanvers.com\/events\/lighten-launch-downsizing-event\/"
                },
                {
                    "property": "DoNotCall",
                    "value": "No"
                },
                {
                    "property": "DoNotText",
                    "value": "No"
                },
                {
                    "property": "DoNotEmail",
                    "value": "No"
                },
                {
                    "property": "Lead Status",
                    "value": "Pending \/ Not Yet Classified "
                }
            ],
            "activities": [
                {
                    "reInquiry": true,
                    "description": "Webform",
                    "activityStatusMasterId": 3,
                    "activityResultMasterId": 3,
                    "activityTypeMasterId": 17
                }
            ],
            "notes": [
                {
                    "Message": "Original Comments: \nEvent Name: Lighten & Launch Downsizing Event\nEvent Date: 2026-05-22\nCommunity: CSL054DANV\nEmail: lorraine@bunkerplanet.com\nName: Lorraine Bunker\nPhone: 9783177886\nInquiring For: \nUTM Source: \nUTM Campaign: \nUTM Medium: \nUTM ID: \nGCLID: \nFBCLID: \n?gad: \n&gad: \ngad_source: \ndisplay: \nMarket Source: Event\nCare Level: Assisted Living\nPrimary Contact ID: prospect\nNumber Attending: \nRequest Tour \nRequest Brochure \nRequest Pricing Info \nKnowledge is Comfort \nSeeking Support \nEmpowering Retirement \nSource URL https:\/\/www.charterofdanvers.com\/events\/lighten-launch-downsizing-event\/\nDoNotCall No\nDoNotText No\nDoNotEmail No\n"
                }
            ]
        }
    ]
}API request successful: 200 - {"Message":"success","Individuals":[{"id":4315188,"href":"/individual/details/4315188","name":"Lorraine Bunker","community":"CSL054DANV","type":6,"isduplicate":true,"message":"Lorraine Bunker is a duplicate and has been merged","properties":[{"property":"Home Phone","value":"9783177886","status":"Saved","message":"Property was saved successfully"},{"property":"Email","value":"lorraine@bunkerplanet.com","status":"Saved","message":"Property was saved successfully"},{"property":"Status Code","value":"Not Yet Classified","status":"Not Found","message":"property was not found by label or Id"},{"property":"Care Level","value":"Assisted Living","status":"Saved","message":"Property was saved successfully"},{"property":"UTM Source","value":"","status":"Not Found","message":"property was not found by label or Id"},{"property":"UTM Medium","value":"","status":"Not Found","message":"property was not found by label or Id"},{"property":"UTM Campaign","value":"","status":"Not Found","message":"property was not found by label or Id"},{"property":"UTM Id","value":"","status":"Not Found","message":"property was not found by label or Id"},{"property":"GCLID","value":"","status":"Not Found","message":"property was not found by label or Id"},{"property":"FBCLID","value":"","status":"Not Found","message":"property was not found by label or Id"},{"property":"gad","value":"","status":"Not Found","message":"property was not found by label or Id"},{"property":"?gad","value":"","status":"Not Found","message":"property was not found by label or Id"},{"property":"gad_source","value":"","status":"Not Found","message":"property was not found by label or Id"},{"property":"display","value":"","status":"Not Found","message":"property was not found by label or Id"},{"property":"Request Tour","status":"Not Found","message":"property was not found by label or Id"},{"property":"Request Brochure","status":"Not Found","message":"property was not found by label or Id"},{"property":"Request Pricing","status":"Not Found","message":"property was not found by label or Id"},{"property":"Knowledge is Comfort","status":"Not Found","message":"property was not found by label or Id"},{"property":"Seeking Support","status":"Not Found","message":"property was not found by label or Id"},{"property":"Empowering Retirement","status":"Not Found","message":"property was not found by label or Id"},{"property":"Source Url","value":"https://www.charterofdanvers.com/events/lighten-launch-downsizing-event/","status":"Not Found","message":"property was not found by label or Id"},{"property":"DoNotCall","value":"No","status":"Saved"},{"property":"DoNotText","value":"No","status":"Saved"},{"property":"DoNotEmail","value":"No","status":"Saved"},{"property":"Lead Status","value":"Pending / Not Yet Classified ","status":"Saved","message":"Property was saved successfully"}]}],"Activities":[{"timestamp":"2026-05-04T19:39:36.1727517Z","links":[{"href":"/activity/details/30607426"}],"message":"Success","status":{"1":"activity: Webform is created successfully."}}]}Feed data: Array
(
    [id] => 24
    [form_id] => 27
    [is_active] => 1
    [feed_order] => 0
    [meta_feedName] => Enquire/Aline API Feed 1
    [meta_formFieldMap] => Array
        (
            [0] => Array
                (
                    [key] => Email
                    [custom_key] => 
                    [value] => 3
                    [custom_value] => 
                )

            [1] => Array
                (
                    [key] => FirstName
                    [custom_key] => 
                    [value] => 1
                    [custom_value] => 
                )

            [2] => Array
                (
                    [key] => LastName
                    [custom_key] => 
                    [value] => 2
                    [custom_value] => 
                )

            [3] => Array
                (
                    [key] => communityunique
                    [custom_key] => 
                    [value] => 56
                    [custom_value] => 
                )

            [4] => Array
                (
                    [key] => utmsource
                    [custom_key] => 
                    [value] => 45
                    [custom_value] => 
                )

            [5] => Array
                (
                    [key] => utmmedium
                    [custom_key] => 
                    [value] => 46
                    [custom_value] => 
                )

            [6] => Array
                (
                    [key] => utmcampaign
                    [custom_key] => 
                    [value] => 54
                    [custom_value] => 
                )

            [7] => Array
                (
                    [key] => utmid
                    [custom_key] => 
                    [value] => 48
                    [custom_value] => 
                )

            [8] => Array
                (
                    [key] => inquiringfor
                    [custom_key] => 
                    [value] => gf_custom
                    [custom_value] => Myself
                )

            [9] => Array
                (
                    [key] => gclid
                    [custom_key] => 
                    [value] => 49
                    [custom_value] => 
                )

            [10] => Array
                (
                    [key] => fbclid
                    [custom_key] => 
                    [value] => 57
                    [custom_value] => 
                )

            [11] => Array
                (
                    [key] => gad
                    [custom_key] => 
                    [value] => 58
                    [custom_value] => 
                )

            [12] => Array
                (
                    [key] => gad_2
                    [custom_key] => 
                    [value] => 59
                    [custom_value] => 
                )

            [13] => Array
                (
                    [key] => gad_source
                    [custom_key] => 
                    [value] => 60
                    [custom_value] => 
                )

            [14] => Array
                (
                    [key] => display
                    [custom_key] => 
                    [value] => 55
                    [custom_value] => 
                )

            [15] => Array
                (
                    [key] => marketsource
                    [custom_key] => 
                    [value] => 65
                    [custom_value] => 
                )

            [16] => Array
                (
                    [key] => SourceURL
                    [custom_key] => 
                    [value] => 28
                    [custom_value] => 
                )

            [17] => Array
                (
                    [key] => DoNotCall
                    [custom_key] => 
                    [value] => 62
                    [custom_value] => 
                )

            [18] => Array
                (
                    [key] => DoNotText
                    [custom_key] => 
                    [value] => 64
                    [custom_value] => 
                )

            [19] => Array
                (
                    [key] => DoNotEmail
                    [custom_key] => 
                    [value] => 63
                    [custom_value] => 
                )

            [20] => Array
                (
                    [key] => careLevel
                    [custom_key] => 
                    [value] => 21
                    [custom_value] => 
                )

            [21] => Array
                (
                    [key] => phone
                    [custom_key] => 
                    [value] => 4
                    [custom_value] => 
                )

            [22] => Array
                (
                    [key] => Message
                    [custom_key] => 
                    [value] => 27
                    [custom_value] => 
                )

            [23] => Array
                (
                    [key] => notrigger
                    [custom_key] => 
                    [value] => 53
                    [custom_value] => 
                )

            [24] => Array
                (
                    [key] => RequestTour
                    [custom_key] => 
                    [value] => 41.1
                    [custom_value] => 
                )

            [25] => Array
                (
                    [key] => RequestBrochure
                    [custom_key] => 
                    [value] => 41.2
                    [custom_value] => 
                )

            [26] => Array
                (
                    [key] => RequestPricingInfo
                    [custom_key] => 
                    [value] => 41.3
                    [custom_value] => 
                )

            [27] => Array
                (
                    [key] => KnowledgeComfort
                    [custom_key] => 
                    [value] => 32.1
                    [custom_value] => 
                )

            [28] => Array
                (
                    [key] => SeekingSupport
                    [custom_key] => 
                    [value] => 32.2
                    [custom_value] => 
                )

            [29] => Array
                (
                    [key] => EmpoweringRetirement
                    [custom_key] => 
                    [value] => 32.3
                    [custom_value] => 
                )

        )

    [addon_slug] => gravity-api-trap
    [event_type] => 
)
Bypass check — noTrigger: "" | careLevel: "assisted living"Not bypassing — proceeding with API submissionPrimary contact ID: prospectAPI request JSON data: {
    "individuals": [
        {
            "communities": [
                {
                    "NameUnique": "CSL054DANV"
                }
            ],
            "properties": [
                {
                    "property": "FirstName",
                    "value": "Karen"
                },
                {
                    "property": "LastName",
                    "value": "Laufer"
                },
                {
                    "property": "Home Phone",
                    "value": "9782456220"
                },
                {
                    "property": "Email",
                    "value": "lauferkj@gmail.com"
                },
                {
                    "property": "type",
                    "value": "prospect"
                },
                {
                    "property": "Status Code",
                    "value": "Not Yet Classified"
                },
                {
                    "property": "Care Level",
                    "value": "Assisted Living"
                },
                {
                    "property": "UTM Source",
                    "value": ""
                },
                {
                    "property": "UTM Medium",
                    "value": ""
                },
                {
                    "property": "UTM Campaign",
                    "value": ""
                },
                {
                    "property": "UTM Id",
                    "value": ""
                },
                {
                    "property": "GCLID",
                    "value": ""
                },
                {
                    "property": "FBCLID",
                    "value": ""
                },
                {
                    "property": "gad",
                    "value": ""
                },
                {
                    "property": "?gad",
                    "value": ""
                },
                {
                    "property": "gad_source",
                    "value": ""
                },
                {
                    "property": "display",
                    "value": ""
                },
                {
                    "property": "Market Source",
                    "value": "WEB - Company Website"
                },
                {
                    "property": "Request Tour",
                    "value": ""
                },
                {
                    "property": "Request Brochure",
                    "value": ""
                },
                {
                    "property": "Request Pricing",
                    "value": ""
                },
                {
                    "property": "Knowledge is Comfort",
                    "value": ""
                },
                {
                    "property": "Seeking Support",
                    "value": ""
                },
                {
                    "property": "Empowering Retirement",
                    "value": ""
                },
                {
                    "property": "Source Url",
                    "value": "https:\/\/www.charterofdanvers.com\/floor-plans\/"
                },
                {
                    "property": "DoNotCall",
                    "value": "No"
                },
                {
                    "property": "DoNotText",
                    "value": "No"
                },
                {
                    "property": "DoNotEmail",
                    "value": "No"
                },
                {
                    "property": "Lead Status",
                    "value": "Pending \/ Not Yet Classified "
                }
            ],
            "activities": [
                {
                    "reInquiry": true,
                    "description": "Webform",
                    "activityStatusMasterId": 3,
                    "activityResultMasterId": 3,
                    "activityTypeMasterId": 17
                }
            ],
            "notes": [
                {
                    "Message": "Original Comments: For mom..\nEvent Name: \nEvent Date: \nCommunity: CSL054DANV\nEmail: lauferkj@gmail.com\nName: Karen Laufer\nPhone: 9782456220\nInquiring For: \nUTM Source: \nUTM Campaign: \nUTM Medium: \nUTM ID: \nGCLID: \nFBCLID: \n?gad: \n&gad: \ngad_source: \ndisplay: \nMarket Source: WEB - Company Website\nCare Level: Assisted Living\nPrimary Contact ID: prospect\nNumber Attending: \nRequest Tour \nRequest Brochure \nRequest Pricing Info \nKnowledge is Comfort \nSeeking Support \nEmpowering Retirement \nSource URL https:\/\/www.charterofdanvers.com\/floor-plans\/\nDoNotCall No\nDoNotText No\nDoNotEmail No\n"
                }
            ]
        }
    ]
}API request successful: 200 - {"Message":"success","Individuals":[{"id":4669521,"href":"/individual/details/4669521","name":"Karen Laufer","community":"CSL054DANV","type":6,"isduplicate":false,"properties":[{"property":"Home Phone","value":"9782456220","status":"Saved","message":"Property was saved successfully"},{"property":"Email","value":"lauferkj@gmail.com","status":"Saved","message":"Property was saved successfully"},{"property":"Status Code","value":"Not Yet Classified","status":"Not Found","message":"property was not found by label or Id"},{"property":"Care Level","value":"Assisted Living","status":"Saved","message":"Property was saved successfully"},{"property":"UTM Source","value":"","status":"Not Found","message":"property was not found by label or Id"},{"property":"UTM Medium","value":"","status":"Not Found","message":"property was not found by label or Id"},{"property":"UTM Campaign","value":"","status":"Not Found","message":"property was not found by label or Id"},{"property":"UTM Id","value":"","status":"Not Found","message":"property was not found by label or Id"},{"property":"GCLID","value":"","status":"Not Found","message":"property was not found by label or Id"},{"property":"FBCLID","value":"","status":"Not Found","message":"property was not found by label or Id"},{"property":"gad","value":"","status":"Not Found","message":"property was not found by label or Id"},{"property":"?gad","value":"","status":"Not Found","message":"property was not found by label or Id"},{"property":"gad_source","value":"","status":"Not Found","message":"property was not found by label or Id"},{"property":"display","value":"","status":"Not Found","message":"property was not found by label or Id"},{"property":"Market Source","value":"WEB - Company Website","status":"Saved","message":"Property was saved successfully"},{"property":"Request Tour","value":"","status":"Not Found","message":"property was not found by label or Id"},{"property":"Request Brochure","value":"","status":"Not Found","message":"property was not found by label or Id"},{"property":"Request Pricing","value":"","status":"Not Found","message":"property was not found by label or Id"},{"property":"Knowledge is Comfort","value":"","status":"Not Found","message":"property was not found by label or Id"},{"property":"Seeking Support","value":"","status":"Not Found","message":"property was not found by label or Id"},{"property":"Empowering Retirement","value":"","status":"Not Found","message":"property was not found by label or Id"},{"property":"Source Url","value":"https://www.charterofdanvers.com/floor-plans/","status":"Not Found","message":"property was not found by label or Id"},{"property":"DoNotCall","value":"No","status":"Saved"},{"property":"DoNotText","value":"No","status":"Saved"},{"property":"DoNotEmail","value":"No","status":"Saved"},{"property":"Lead Status","value":"Pending / Not Yet Classified ","status":"Saved","message":"Property was saved successfully"}]}],"Activities":[{"timestamp":"2026-05-07T17:33:00.7659959Z","links":[{"href":"/activity/details/30683966"}],"message":"Success","status":{"1":"activity: Webform is created successfully."}}]}Feed data: Array
(
    [id] => 24
    [form_id] => 27
    [is_active] => 1
    [feed_order] => 0
    [meta_feedName] => Enquire/Aline API Feed 1
    [meta_formFieldMap] => Array
        (
            [0] => Array
                (
                    [key] => Email
                    [custom_key] => 
                    [value] => 3
                    [custom_value] => 
                )

            [1] => Array
                (
                    [key] => FirstName
                    [custom_key] => 
                    [value] => 1
                    [custom_value] => 
                )

            [2] => Array
                (
                    [key] => LastName
                    [custom_key] => 
                    [value] => 2
                    [custom_value] => 
                )

            [3] => Array
                (
                    [key] => communityunique
                    [custom_key] => 
                    [value] => 56
                    [custom_value] => 
                )

            [4] => Array
                (
                    [key] => utmsource
                    [custom_key] => 
                    [value] => 45
                    [custom_value] => 
                )

            [5] => Array
                (
                    [key] => utmmedium
                    [custom_key] => 
                    [value] => 46
                    [custom_value] => 
                )

            [6] => Array
                (
                    [key] => utmcampaign
                    [custom_key] => 
                    [value] => 54
                    [custom_value] => 
                )

            [7] => Array
                (
                    [key] => utmid
                    [custom_key] => 
                    [value] => 48
                    [custom_value] => 
                )

            [8] => Array
                (
                    [key] => inquiringfor
                    [custom_key] => 
                    [value] => gf_custom
                    [custom_value] => Myself
                )

            [9] => Array
                (
                    [key] => gclid
                    [custom_key] => 
                    [value] => 49
                    [custom_value] => 
                )

            [10] => Array
                (
                    [key] => fbclid
                    [custom_key] => 
                    [value] => 57
                    [custom_value] => 
                )

            [11] => Array
                (
                    [key] => gad
                    [custom_key] => 
                    [value] => 58
                    [custom_value] => 
                )

            [12] => Array
                (
                    [key] => gad_2
                    [custom_key] => 
                    [value] => 59
                    [custom_value] => 
                )

            [13] => Array
                (
                    [key] => gad_source
                    [custom_key] => 
                    [value] => 60
                    [custom_value] => 
                )

            [14] => Array
                (
                    [key] => display
                    [custom_key] => 
                    [value] => 55
                    [custom_value] => 
                )

            [15] => Array
                (
                    [key] => marketsource
                    [custom_key] => 
                    [value] => 65
                    [custom_value] => 
                )

            [16] => Array
                (
                    [key] => SourceURL
                    [custom_key] => 
                    [value] => 28
                    [custom_value] => 
                )

            [17] => Array
                (
                    [key] => DoNotCall
                    [custom_key] => 
                    [value] => 62
                    [custom_value] => 
                )

            [18] => Array
                (
                    [key] => DoNotText
                    [custom_key] => 
                    [value] => 64
                    [custom_value] => 
                )

            [19] => Array
                (
                    [key] => DoNotEmail
                    [custom_key] => 
                    [value] => 63
                    [custom_value] => 
                )

            [20] => Array
                (
                    [key] => careLevel
                    [custom_key] => 
                    [value] => 21
                    [custom_value] => 
                )

            [21] => Array
                (
                    [key] => phone
                    [custom_key] => 
                    [value] => 4
                    [custom_value] => 
                )

            [22] => Array
                (
                    [key] => Message
                    [custom_key] => 
                    [value] => 27
                    [custom_value] => 
                )

            [23] => Array
                (
                    [key] => notrigger
                    [custom_key] => 
                    [value] => 53
                    [custom_value] => 
                )

            [24] => Array
                (
                    [key] => RequestTour
                    [custom_key] => 
                    [value] => 41.1
                    [custom_value] => 
                )

            [25] => Array
                (
                    [key] => RequestBrochure
                    [custom_key] => 
                    [value] => 41.2
                    [custom_value] => 
                )

            [26] => Array
                (
                    [key] => RequestPricingInfo
                    [custom_key] => 
                    [value] => 41.3
                    [custom_value] => 
                )

            [27] => Array
                (
                    [key] => KnowledgeComfort
                    [custom_key] => 
                    [value] => 32.1
                    [custom_value] => 
                )

            [28] => Array
                (
                    [key] => SeekingSupport
                    [custom_key] => 
                    [value] => 32.2
                    [custom_value] => 
                )

            [29] => Array
                (
                    [key] => EmpoweringRetirement
                    [custom_key] => 
                    [value] => 32.3
                    [custom_value] => 
                )

        )

    [addon_slug] => gravity-api-trap
    [event_type] => 
)
Bypass check — noTrigger: "" | careLevel: "short term stay"Not bypassing — proceeding with API submissionPrimary contact ID: prospectAPI request JSON data: {
    "individuals": [
        {
            "communities": [
                {
                    "NameUnique": "CSL054DANV"
                }
            ],
            "properties": [
                {
                    "property": "FirstName",
                    "value": "Mira"
                },
                {
                    "property": "LastName",
                    "value": "Maioli"
                },
                {
                    "property": "Home Phone",
                    "value": "9783353848"
                },
                {
                    "property": "Email",
                    "value": "gulmira.maioli@gmail.com"
                },
                {
                    "property": "type",
                    "value": "prospect"
                },
                {
                    "property": "Status Code",
                    "value": "Not Yet Classified"
                },
                {
                    "property": "Care Level",
                    "value": "Short Term Stay"
                },
                {
                    "property": "UTM Source",
                    "value": ""
                },
                {
                    "property": "UTM Medium",
                    "value": ""
                },
                {
                    "property": "UTM Campaign",
                    "value": ""
                },
                {
                    "property": "UTM Id",
                    "value": ""
                },
                {
                    "property": "GCLID",
                    "value": ""
                },
                {
                    "property": "FBCLID",
                    "value": ""
                },
                {
                    "property": "gad",
                    "value": ""
                },
                {
                    "property": "?gad",
                    "value": ""
                },
                {
                    "property": "gad_source",
                    "value": ""
                },
                {
                    "property": "display",
                    "value": ""
                },
                {
                    "property": "Market Source",
                    "value": "WEB - Company Website"
                },
                {
                    "property": "Request Tour",
                    "value": ""
                },
                {
                    "property": "Request Brochure",
                    "value": ""
                },
                {
                    "property": "Request Pricing",
                    "value": ""
                },
                {
                    "property": "Knowledge is Comfort",
                    "value": ""
                },
                {
                    "property": "Seeking Support",
                    "value": ""
                },
                {
                    "property": "Empowering Retirement",
                    "value": ""
                },
                {
                    "property": "Source Url",
                    "value": "https:\/\/www.charterofdanvers.com\/lifestyles\/short-term-stays\/"
                },
                {
                    "property": "DoNotCall",
                    "value": "No"
                },
                {
                    "property": "DoNotText",
                    "value": "No"
                },
                {
                    "property": "DoNotEmail",
                    "value": "No"
                },
                {
                    "property": "Lead Status",
                    "value": "Pending \/ Not Yet Classified "
                }
            ],
            "activities": [
                {
                    "reInquiry": true,
                    "description": "Webform",
                    "activityStatusMasterId": 3,
                    "activityResultMasterId": 3,
                    "activityTypeMasterId": 17
                }
            ],
            "notes": [
                {
                    "Message": "Original Comments: we are looking for a short term stay for our mother while we go on vacation abroad for 15 days\nEvent Name: \nEvent Date: \nCommunity: CSL054DANV\nEmail: gulmira.maioli@gmail.com\nName: Mira Maioli\nPhone: 9783353848\nInquiring For: \nUTM Source: \nUTM Campaign: \nUTM Medium: \nUTM ID: \nGCLID: \nFBCLID: \n?gad: \n&gad: \ngad_source: \ndisplay: \nMarket Source: WEB - Company Website\nCare Level: Short Term Stay\nPrimary Contact ID: prospect\nNumber Attending: \nRequest Tour \nRequest Brochure \nRequest Pricing Info \nKnowledge is Comfort \nSeeking Support \nEmpowering Retirement \nSource URL https:\/\/www.charterofdanvers.com\/lifestyles\/short-term-stays\/\nDoNotCall No\nDoNotText No\nDoNotEmail No\n"
                }
            ]
        }
    ]
}API request failed: 403 - {"ResponseStatus":{"ErrorCode":"UnauthorizedAccessException","Message":"Please provide your subscription key or Bearer Token in the header of the request"}}Feed data: Array
(
    [id] => 24
    [form_id] => 27
    [is_active] => 1
    [feed_order] => 0
    [meta_feedName] => Enquire/Aline API Feed 1
    [meta_formFieldMap] => Array
        (
            [0] => Array
                (
                    [key] => Email
                    [custom_key] => 
                    [value] => 3
                    [custom_value] => 
                )

            [1] => Array
                (
                    [key] => FirstName
                    [custom_key] => 
                    [value] => 1
                    [custom_value] => 
                )

            [2] => Array
                (
                    [key] => LastName
                    [custom_key] => 
                    [value] => 2
                    [custom_value] => 
                )

            [3] => Array
                (
                    [key] => communityunique
                    [custom_key] => 
                    [value] => 56
                    [custom_value] => 
                )

            [4] => Array
                (
                    [key] => utmsource
                    [custom_key] => 
                    [value] => 45
                    [custom_value] => 
                )

            [5] => Array
                (
                    [key] => utmmedium
                    [custom_key] => 
                    [value] => 46
                    [custom_value] => 
                )

            [6] => Array
                (
                    [key] => utmcampaign
                    [custom_key] => 
                    [value] => 54
                    [custom_value] => 
                )

            [7] => Array
                (
                    [key] => utmid
                    [custom_key] => 
                    [value] => 48
                    [custom_value] => 
                )

            [8] => Array
                (
                    [key] => inquiringfor
                    [custom_key] => 
                    [value] => gf_custom
                    [custom_value] => Myself
                )

            [9] => Array
                (
                    [key] => gclid
                    [custom_key] => 
                    [value] => 49
                    [custom_value] => 
                )

            [10] => Array
                (
                    [key] => fbclid
                    [custom_key] => 
                    [value] => 57
                    [custom_value] => 
                )

            [11] => Array
                (
                    [key] => gad
                    [custom_key] => 
                    [value] => 58
                    [custom_value] => 
                )

            [12] => Array
                (
                    [key] => gad_2
                    [custom_key] => 
                    [value] => 59
                    [custom_value] => 
                )

            [13] => Array
                (
                    [key] => gad_source
                    [custom_key] => 
                    [value] => 60
                    [custom_value] => 
                )

            [14] => Array
                (
                    [key] => display
                    [custom_key] => 
                    [value] => 55
                    [custom_value] => 
                )

            [15] => Array
                (
                    [key] => marketsource
                    [custom_key] => 
                    [value] => 65
                    [custom_value] => 
                )

            [16] => Array
                (
                    [key] => SourceURL
                    [custom_key] => 
                    [value] => 28
                    [custom_value] => 
                )

            [17] => Array
                (
                    [key] => DoNotCall
                    [custom_key] => 
                    [value] => 62
                    [custom_value] => 
                )

            [18] => Array
                (
                    [key] => DoNotText
                    [custom_key] => 
                    [value] => 64
                    [custom_value] => 
                )

            [19] => Array
                (
                    [key] => DoNotEmail
                    [custom_key] => 
                    [value] => 63
                    [custom_value] => 
                )

            [20] => Array
                (
                    [key] => careLevel
                    [custom_key] => 
                    [value] => 21
                    [custom_value] => 
                )

            [21] => Array
                (
                    [key] => phone
                    [custom_key] => 
                    [value] => 4
                    [custom_value] => 
                )

            [22] => Array
                (
                    [key] => Message
                    [custom_key] => 
                    [value] => 27
                    [custom_value] => 
                )

            [23] => Array
                (
                    [key] => notrigger
                    [custom_key] => 
                    [value] => 53
                    [custom_value] => 
                )

            [24] => Array
                (
                    [key] => RequestTour
                    [custom_key] => 
                    [value] => 41.1
                    [custom_value] => 
                )

            [25] => Array
                (
                    [key] => RequestBrochure
                    [custom_key] => 
                    [value] => 41.2
                    [custom_value] => 
                )

            [26] => Array
                (
                    [key] => RequestPricingInfo
                    [custom_key] => 
                    [value] => 41.3
                    [custom_value] => 
                )

            [27] => Array
                (
                    [key] => KnowledgeComfort
                    [custom_key] => 
                    [value] => 32.1
                    [custom_value] => 
                )

            [28] => Array
                (
                    [key] => SeekingSupport
                    [custom_key] => 
                    [value] => 32.2
                    [custom_value] => 
                )

            [29] => Array
                (
                    [key] => EmpoweringRetirement
                    [custom_key] => 
                    [value] => 32.3
                    [custom_value] => 
                )

        )

    [addon_slug] => gravity-api-trap
    [event_type] => 
)
Bypass check — noTrigger: "" | careLevel: "assisted living"Not bypassing — proceeding with API submissionPrimary contact ID: prospectAPI request JSON data: {
    "individuals": [
        {
            "communities": [
                {
                    "NameUnique": "CSL054DANV"
                }
            ],
            "properties": [
                {
                    "property": "FirstName",
                    "value": "Brian"
                },
                {
                    "property": "LastName",
                    "value": "Altsman"
                },
                {
                    "property": "Home Phone",
                    "value": "8143509003"
                },
                {
                    "property": "Email",
                    "value": "psupa85@yahoo.com"
                },
                {
                    "property": "type",
                    "value": "prospect"
                },
                {
                    "property": "Status Code",
                    "value": "Not Yet Classified"
                },
                {
                    "property": "Care Level",
                    "value": "Assisted Living"
                },
                {
                    "property": "UTM Source",
                    "value": ""
                },
                {
                    "property": "UTM Medium",
                    "value": ""
                },
                {
                    "property": "UTM Campaign",
                    "value": ""
                },
                {
                    "property": "UTM Id",
                    "value": ""
                },
                {
                    "property": "GCLID",
                    "value": "CjwKCAjwn4vQBhBsEiwAq3hhN0xlPoDmhJzz5rTFj9jebSMBgvNGM1XCZAxmVAOcRhGuIKyCrlyvDhoCAAUQAvD_BwE"
                },
                {
                    "property": "FBCLID",
                    "value": ""
                },
                {
                    "property": "gad",
                    "value": ""
                },
                {
                    "property": "?gad",
                    "value": ""
                },
                {
                    "property": "gad_source",
                    "value": "1"
                },
                {
                    "property": "display",
                    "value": ""
                },
                {
                    "property": "Market Source",
                    "value": "WEB - Google Paid"
                },
                {
                    "property": "Request Tour",
                    "value": ""
                },
                {
                    "property": "Request Brochure",
                    "value": ""
                },
                {
                    "property": "Request Pricing",
                    "value": ""
                },
                {
                    "property": "Knowledge is Comfort",
                    "value": "Knowledge Is Comfort: A Family Caregiver's Guide to Senior Living"
                },
                {
                    "property": "Seeking Support",
                    "value": "Seeking Support: A Guide to Navigating Memory Loss guidebook"
                },
                {
                    "property": "Empowering Retirement",
                    "value": ""
                },
                {
                    "property": "Source Url",
                    "value": "https:\/\/www.charterofdanvers.com\/floor-plans\/?GA_network=g&GA_device=m&GA_campaign=21012188369&GA_adgroup=157473005414&GA_target=&GA_placement=&GA_creative=690478461307&GA_extension=&GA_keyword=assisted%20living%20homes&GA_loc_physical_ms=9001933&GA_landingpage=https:\/\/www.charterofdanvers.com\/floor-plans\/&gad_source=1&gad_campaignid=21012188369"
                },
                {
                    "property": "DoNotCall",
                    "value": "No"
                },
                {
                    "property": "DoNotText",
                    "value": "No"
                },
                {
                    "property": "DoNotEmail",
                    "value": "No"
                },
                {
                    "property": "Lead Status",
                    "value": "Pending \/ Not Yet Classified "
                }
            ],
            "activities": [
                {
                    "reInquiry": true,
                    "description": "Webform",
                    "activityStatusMasterId": 3,
                    "activityResultMasterId": 3,
                    "activityTypeMasterId": 17
                }
            ],
            "notes": [
                {
                    "Message": "Original Comments: Thank you\nEvent Name: \nEvent Date: \nCommunity: CSL054DANV\nEmail: psupa85@yahoo.com\nName: Brian Altsman\nPhone: 8143509003\nInquiring For: \nUTM Source: \nUTM Campaign: \nUTM Medium: \nUTM ID: \nGCLID: CjwKCAjwn4vQBhBsEiwAq3hhN0xlPoDmhJzz5rTFj9jebSMBgvNGM1XCZAxmVAOcRhGuIKyCrlyvDhoCAAUQAvD_BwE\nFBCLID: \n?gad: \n&gad: \ngad_source: 1\ndisplay: \nMarket Source: WEB - Google Paid\nCare Level: Assisted Living\nPrimary Contact ID: prospect\nNumber Attending: \nRequest Tour \nRequest Brochure \nRequest Pricing Info \nKnowledge is Comfort Knowledge Is Comfort: A Family Caregiver's Guide to Senior Living\nSeeking Support Seeking Support: A Guide to Navigating Memory Loss guidebook\nEmpowering Retirement \nSource URL https:\/\/www.charterofdanvers.com\/floor-plans\/?GA_network=g&GA_device=m&GA_campaign=21012188369&GA_adgroup=157473005414&GA_target=&GA_placement=&GA_creative=690478461307&GA_extension=&GA_keyword=assisted%20living%20homes&GA_loc_physical_ms=9001933&GA_landingpage=https:\/\/www.charterofdanvers.com\/floor-plans\/&gad_source=1&gad_campaignid=21012188369\nDoNotCall No\nDoNotText No\nDoNotEmail No\n"
                }
            ]
        }
    ]
}API request failed: 403 - {"ResponseStatus":{"ErrorCode":"UnauthorizedAccessException","Message":"Please provide your subscription key or Bearer Token in the header of the request"}}Feed data: Array
(
    [id] => 24
    [form_id] => 27
    [is_active] => 1
    [feed_order] => 0
    [meta_feedName] => Enquire/Aline API Feed 1
    [meta_formFieldMap] => Array
        (
            [0] => Array
                (
                    [key] => Email
                    [custom_key] => 
                    [value] => 3
                    [custom_value] => 
                )

            [1] => Array
                (
                    [key] => FirstName
                    [custom_key] => 
                    [value] => 1
                    [custom_value] => 
                )

            [2] => Array
                (
                    [key] => LastName
                    [custom_key] => 
                    [value] => 2
                    [custom_value] => 
                )

            [3] => Array
                (
                    [key] => communityunique
                    [custom_key] => 
                    [value] => 56
                    [custom_value] => 
                )

            [4] => Array
                (
                    [key] => utmsource
                    [custom_key] => 
                    [value] => 45
                    [custom_value] => 
                )

            [5] => Array
                (
                    [key] => utmmedium
                    [custom_key] => 
                    [value] => 46
                    [custom_value] => 
                )

            [6] => Array
                (
                    [key] => utmcampaign
                    [custom_key] => 
                    [value] => 54
                    [custom_value] => 
                )

            [7] => Array
                (
                    [key] => utmid
                    [custom_key] => 
                    [value] => 48
                    [custom_value] => 
                )

            [8] => Array
                (
                    [key] => inquiringfor
                    [custom_key] => 
                    [value] => gf_custom
                    [custom_value] => Myself
                )

            [9] => Array
                (
                    [key] => gclid
                    [custom_key] => 
                    [value] => 49
                    [custom_value] => 
                )

            [10] => Array
                (
                    [key] => fbclid
                    [custom_key] => 
                    [value] => 57
                    [custom_value] => 
                )

            [11] => Array
                (
                    [key] => gad
                    [custom_key] => 
                    [value] => 58
                    [custom_value] => 
                )

            [12] => Array
                (
                    [key] => gad_2
                    [custom_key] => 
                    [value] => 59
                    [custom_value] => 
                )

            [13] => Array
                (
                    [key] => gad_source
                    [custom_key] => 
                    [value] => 60
                    [custom_value] => 
                )

            [14] => Array
                (
                    [key] => display
                    [custom_key] => 
                    [value] => 55
                    [custom_value] => 
                )

            [15] => Array
                (
                    [key] => marketsource
                    [custom_key] => 
                    [value] => 65
                    [custom_value] => 
                )

            [16] => Array
                (
                    [key] => SourceURL
                    [custom_key] => 
                    [value] => 28
                    [custom_value] => 
                )

            [17] => Array
                (
                    [key] => DoNotCall
                    [custom_key] => 
                    [value] => 62
                    [custom_value] => 
                )

            [18] => Array
                (
                    [key] => DoNotText
                    [custom_key] => 
                    [value] => 64
                    [custom_value] => 
                )

            [19] => Array
                (
                    [key] => DoNotEmail
                    [custom_key] => 
                    [value] => 63
                    [custom_value] => 
                )

            [20] => Array
                (
                    [key] => careLevel
                    [custom_key] => 
                    [value] => 21
                    [custom_value] => 
                )

            [21] => Array
                (
                    [key] => phone
                    [custom_key] => 
                    [value] => 4
                    [custom_value] => 
                )

            [22] => Array
                (
                    [key] => Message
                    [custom_key] => 
                    [value] => 27
                    [custom_value] => 
                )

            [23] => Array
                (
                    [key] => notrigger
                    [custom_key] => 
                    [value] => 53
                    [custom_value] => 
                )

            [24] => Array
                (
                    [key] => RequestTour
                    [custom_key] => 
                    [value] => 41.1
                    [custom_value] => 
                )

            [25] => Array
                (
                    [key] => RequestBrochure
                    [custom_key] => 
                    [value] => 41.2
                    [custom_value] => 
                )

            [26] => Array
                (
                    [key] => RequestPricingInfo
                    [custom_key] => 
                    [value] => 41.3
                    [custom_value] => 
                )

            [27] => Array
                (
                    [key] => KnowledgeComfort
                    [custom_key] => 
                    [value] => 32.1
                    [custom_value] => 
                )

            [28] => Array
                (
                    [key] => SeekingSupport
                    [custom_key] => 
                    [value] => 32.2
                    [custom_value] => 
                )

            [29] => Array
                (
                    [key] => EmpoweringRetirement
                    [custom_key] => 
                    [value] => 32.3
                    [custom_value] => 
                )

        )

    [addon_slug] => gravity-api-trap
    [event_type] => 
)
Bypass check — noTrigger: "" | careLevel: "unsure"Not bypassing — proceeding with API submissionPrimary contact ID: prospectAPI request JSON data: {
    "individuals": [
        {
            "communities": [
                {
                    "NameUnique": "CSL054DANV"
                }
            ],
            "properties": [
                {
                    "property": "FirstName",
                    "value": "Sherrielynn"
                },
                {
                    "property": "LastName",
                    "value": "Bebell"
                },
                {
                    "property": "Home Phone",
                    "value": "7272723816"
                },
                {
                    "property": "Email",
                    "value": "sherriebebell@gmail.com"
                },
                {
                    "property": "type",
                    "value": "prospect"
                },
                {
                    "property": "Status Code",
                    "value": "Not Yet Classified"
                },
                {
                    "property": "Care Level",
                    "value": "Unsure"
                },
                {
                    "property": "UTM Source",
                    "value": ""
                },
                {
                    "property": "UTM Medium",
                    "value": ""
                },
                {
                    "property": "UTM Campaign",
                    "value": ""
                },
                {
                    "property": "UTM Id",
                    "value": ""
                },
                {
                    "property": "GCLID",
                    "value": ""
                },
                {
                    "property": "FBCLID",
                    "value": ""
                },
                {
                    "property": "gad",
                    "value": ""
                },
                {
                    "property": "?gad",
                    "value": ""
                },
                {
                    "property": "gad_source",
                    "value": ""
                },
                {
                    "property": "display",
                    "value": ""
                },
                {
                    "property": "Market Source",
                    "value": "WEB - Company Website"
                },
                {
                    "property": "Request Tour",
                    "value": ""
                },
                {
                    "property": "Request Brochure",
                    "value": ""
                },
                {
                    "property": "Request Pricing",
                    "value": ""
                },
                {
                    "property": "Knowledge is Comfort",
                    "value": ""
                },
                {
                    "property": "Seeking Support",
                    "value": ""
                },
                {
                    "property": "Empowering Retirement",
                    "value": "Empowering Your Retirement: A Financial Guide to Senior Living"
                },
                {
                    "property": "Source Url",
                    "value": "https:\/\/www.charterofdanvers.com\/"
                },
                {
                    "property": "DoNotCall",
                    "value": "No"
                },
                {
                    "property": "DoNotText",
                    "value": "No"
                },
                {
                    "property": "DoNotEmail",
                    "value": "No"
                },
                {
                    "property": "Lead Status",
                    "value": "Pending \/ Not Yet Classified "
                }
            ],
            "activities": [
                {
                    "reInquiry": true,
                    "description": "Webform",
                    "activityStatusMasterId": 3,
                    "activityResultMasterId": 3,
                    "activityTypeMasterId": 17
                }
            ],
            "notes": [
                {
                    "Message": "Original Comments: \nEvent Name: \nEvent Date: \nCommunity: CSL054DANV\nEmail: sherriebebell@gmail.com\nName: Sherrielynn Bebell\nPhone: 7272723816\nInquiring For: \nUTM Source: \nUTM Campaign: \nUTM Medium: \nUTM ID: \nGCLID: \nFBCLID: \n?gad: \n&gad: \ngad_source: \ndisplay: \nMarket Source: WEB - Company Website\nCare Level: Unsure\nPrimary Contact ID: prospect\nNumber Attending: \nRequest Tour \nRequest Brochure \nRequest Pricing Info \nKnowledge is Comfort \nSeeking Support \nEmpowering Retirement Empowering Your Retirement: A Financial Guide to Senior Living\nSource URL https:\/\/www.charterofdanvers.com\/\nDoNotCall No\nDoNotText No\nDoNotEmail No\n"
                }
            ]
        }
    ]
}API request failed: 403 - {"ResponseStatus":{"ErrorCode":"UnauthorizedAccessException","Message":"Please provide your subscription key or Bearer Token in the header of the request"}}Feed data: Array
(
    [id] => 24
    [form_id] => 27
    [is_active] => 1
    [feed_order] => 0
    [meta_feedName] => Enquire/Aline API Feed 1
    [meta_formFieldMap] => Array
        (
            [0] => Array
                (
                    [key] => Email
                    [custom_key] => 
                    [value] => 3
                    [custom_value] => 
                )

            [1] => Array
                (
                    [key] => FirstName
                    [custom_key] => 
                    [value] => 1
                    [custom_value] => 
                )

            [2] => Array
                (
                    [key] => LastName
                    [custom_key] => 
                    [value] => 2
                    [custom_value] => 
                )

            [3] => Array
                (
                    [key] => communityunique
                    [custom_key] => 
                    [value] => 56
                    [custom_value] => 
                )

            [4] => Array
                (
                    [key] => utmsource
                    [custom_key] => 
                    [value] => 45
                    [custom_value] => 
                )

            [5] => Array
                (
                    [key] => utmmedium
                    [custom_key] => 
                    [value] => 46
                    [custom_value] => 
                )

            [6] => Array
                (
                    [key] => utmcampaign
                    [custom_key] => 
                    [value] => 54
                    [custom_value] => 
                )

            [7] => Array
                (
                    [key] => utmid
                    [custom_key] => 
                    [value] => 48
                    [custom_value] => 
                )

            [8] => Array
                (
                    [key] => inquiringfor
                    [custom_key] => 
                    [value] => gf_custom
                    [custom_value] => Myself
                )

            [9] => Array
                (
                    [key] => gclid
                    [custom_key] => 
                    [value] => 49
                    [custom_value] => 
                )

            [10] => Array
                (
                    [key] => fbclid
                    [custom_key] => 
                    [value] => 57
                    [custom_value] => 
                )

            [11] => Array
                (
                    [key] => gad
                    [custom_key] => 
                    [value] => 58
                    [custom_value] => 
                )

            [12] => Array
                (
                    [key] => gad_2
                    [custom_key] => 
                    [value] => 59
                    [custom_value] => 
                )

            [13] => Array
                (
                    [key] => gad_source
                    [custom_key] => 
                    [value] => 60
                    [custom_value] => 
                )

            [14] => Array
                (
                    [key] => display
                    [custom_key] => 
                    [value] => 55
                    [custom_value] => 
                )

            [15] => Array
                (
                    [key] => marketsource
                    [custom_key] => 
                    [value] => 65
                    [custom_value] => 
                )

            [16] => Array
                (
                    [key] => SourceURL
                    [custom_key] => 
                    [value] => 28
                    [custom_value] => 
                )

            [17] => Array
                (
                    [key] => DoNotCall
                    [custom_key] => 
                    [value] => 62
                    [custom_value] => 
                )

            [18] => Array
                (
                    [key] => DoNotText
                    [custom_key] => 
                    [value] => 64
                    [custom_value] => 
                )

            [19] => Array
                (
                    [key] => DoNotEmail
                    [custom_key] => 
                    [value] => 63
                    [custom_value] => 
                )

            [20] => Array
                (
                    [key] => careLevel
                    [custom_key] => 
                    [value] => 21
                    [custom_value] => 
                )

            [21] => Array
                (
                    [key] => phone
                    [custom_key] => 
                    [value] => 4
                    [custom_value] => 
                )

            [22] => Array
                (
                    [key] => Message
                    [custom_key] => 
                    [value] => 27
                    [custom_value] => 
                )

            [23] => Array
                (
                    [key] => notrigger
                    [custom_key] => 
                    [value] => 53
                    [custom_value] => 
                )

            [24] => Array
                (
                    [key] => RequestTour
                    [custom_key] => 
                    [value] => 41.1
                    [custom_value] => 
                )

            [25] => Array
                (
                    [key] => RequestBrochure
                    [custom_key] => 
                    [value] => 41.2
                    [custom_value] => 
                )

            [26] => Array
                (
                    [key] => RequestPricingInfo
                    [custom_key] => 
                    [value] => 41.3
                    [custom_value] => 
                )

            [27] => Array
                (
                    [key] => KnowledgeComfort
                    [custom_key] => 
                    [value] => 32.1
                    [custom_value] => 
                )

            [28] => Array
                (
                    [key] => SeekingSupport
                    [custom_key] => 
                    [value] => 32.2
                    [custom_value] => 
                )

            [29] => Array
                (
                    [key] => EmpoweringRetirement
                    [custom_key] => 
                    [value] => 32.3
                    [custom_value] => 
                )

        )

    [addon_slug] => gravity-api-trap
    [event_type] => 
)
Bypass check — noTrigger: "" | careLevel: "memory care"Not bypassing — proceeding with API submissionPrimary contact ID: prospectAPI request JSON data: {
    "individuals": [
        {
            "communities": [
                {
                    "NameUnique": "CSL054DANV"
                }
            ],
            "properties": [
                {
                    "property": "FirstName",
                    "value": "Elaine"
                },
                {
                    "property": "LastName",
                    "value": "Somers"
                },
                {
                    "property": "Home Phone",
                    "value": "9785466818"
                },
                {
                    "property": "Email",
                    "value": "wcsomers@comcast.net"
                },
                {
                    "property": "type",
                    "value": "prospect"
                },
                {
                    "property": "Status Code",
                    "value": "Not Yet Classified"
                },
                {
                    "property": "Care Level",
                    "value": "Memory Care"
                },
                {
                    "property": "UTM Source",
                    "value": ""
                },
                {
                    "property": "UTM Medium",
                    "value": ""
                },
                {
                    "property": "UTM Campaign",
                    "value": ""
                },
                {
                    "property": "UTM Id",
                    "value": ""
                },
                {
                    "property": "GCLID",
                    "value": ""
                },
                {
                    "property": "FBCLID",
                    "value": ""
                },
                {
                    "property": "gad",
                    "value": ""
                },
                {
                    "property": "?gad",
                    "value": ""
                },
                {
                    "property": "gad_source",
                    "value": ""
                },
                {
                    "property": "display",
                    "value": ""
                },
                {
                    "property": "Market Source",
                    "value": "WEB - Company Website"
                },
                {
                    "property": "Request Tour",
                    "value": ""
                },
                {
                    "property": "Request Brochure",
                    "value": ""
                },
                {
                    "property": "Request Pricing",
                    "value": ""
                },
                {
                    "property": "Knowledge is Comfort",
                    "value": ""
                },
                {
                    "property": "Seeking Support",
                    "value": "Seeking Support: A Guide to Navigating Memory Loss guidebook"
                },
                {
                    "property": "Empowering Retirement",
                    "value": ""
                },
                {
                    "property": "Source Url",
                    "value": "https:\/\/www.charterofdanvers.com\/"
                },
                {
                    "property": "DoNotCall",
                    "value": "No"
                },
                {
                    "property": "DoNotText",
                    "value": "No"
                },
                {
                    "property": "DoNotEmail",
                    "value": "No"
                },
                {
                    "property": "Lead Status",
                    "value": "Pending \/ Not Yet Classified "
                }
            ],
            "activities": [
                {
                    "reInquiry": true,
                    "description": "Webform",
                    "activityStatusMasterId": 3,
                    "activityResultMasterId": 3,
                    "activityTypeMasterId": 17
                }
            ],
            "notes": [
                {
                    "Message": "Original Comments: HI,\r\nI've been in touch with you before.  I have been in limbo as to our situation and\r\nI need to move forward and would like to know the ball park figure of what it\r\nwill cost for my Mom for memory care?\r\nOf course at a later date we would like a tour as well.\r\nThank you\r\nElaine Somers\nEvent Name: \nEvent Date: \nCommunity: CSL054DANV\nEmail: wcsomers@comcast.net\nName: Elaine Somers\nPhone: 9785466818\nInquiring For: \nUTM Source: \nUTM Campaign: \nUTM Medium: \nUTM ID: \nGCLID: \nFBCLID: \n?gad: \n&gad: \ngad_source: \ndisplay: \nMarket Source: WEB - Company Website\nCare Level: Memory Care\nPrimary Contact ID: prospect\nNumber Attending: \nRequest Tour \nRequest Brochure \nRequest Pricing Info \nKnowledge is Comfort \nSeeking Support Seeking Support: A Guide to Navigating Memory Loss guidebook\nEmpowering Retirement \nSource URL https:\/\/www.charterofdanvers.com\/\nDoNotCall No\nDoNotText No\nDoNotEmail No\n"
                }
            ]
        }
    ]
}API request failed: 403 - {"ResponseStatus":{"ErrorCode":"UnauthorizedAccessException","Message":"Please provide your subscription key or Bearer Token in the header of the request"}}Feed data: Array
(
    [id] => 24
    [form_id] => 27
    [is_active] => 1
    [feed_order] => 0
    [meta_feedName] => Enquire/Aline API Feed 1
    [meta_formFieldMap] => Array
        (
            [0] => Array
                (
                    [key] => Email
                    [custom_key] => 
                    [value] => 3
                    [custom_value] => 
                )

            [1] => Array
                (
                    [key] => FirstName
                    [custom_key] => 
                    [value] => 1
                    [custom_value] => 
                )

            [2] => Array
                (
                    [key] => LastName
                    [custom_key] => 
                    [value] => 2
                    [custom_value] => 
                )

            [3] => Array
                (
                    [key] => communityunique
                    [custom_key] => 
                    [value] => 56
                    [custom_value] => 
                )

            [4] => Array
                (
                    [key] => utmsource
                    [custom_key] => 
                    [value] => 45
                    [custom_value] => 
                )

            [5] => Array
                (
                    [key] => utmmedium
                    [custom_key] => 
                    [value] => 46
                    [custom_value] => 
                )

            [6] => Array
                (
                    [key] => utmcampaign
                    [custom_key] => 
                    [value] => 54
                    [custom_value] => 
                )

            [7] => Array
                (
                    [key] => utmid
                    [custom_key] => 
                    [value] => 48
                    [custom_value] => 
                )

            [8] => Array
                (
                    [key] => inquiringfor
                    [custom_key] => 
                    [value] => gf_custom
                    [custom_value] => Myself
                )

            [9] => Array
                (
                    [key] => gclid
                    [custom_key] => 
                    [value] => 49
                    [custom_value] => 
                )

            [10] => Array
                (
                    [key] => fbclid
                    [custom_key] => 
                    [value] => 57
                    [custom_value] => 
                )

            [11] => Array
                (
                    [key] => gad
                    [custom_key] => 
                    [value] => 58
                    [custom_value] => 
                )

            [12] => Array
                (
                    [key] => gad_2
                    [custom_key] => 
                    [value] => 59
                    [custom_value] => 
                )

            [13] => Array
                (
                    [key] => gad_source
                    [custom_key] => 
                    [value] => 60
                    [custom_value] => 
                )

            [14] => Array
                (
                    [key] => display
                    [custom_key] => 
                    [value] => 55
                    [custom_value] => 
                )

            [15] => Array
                (
                    [key] => marketsource
                    [custom_key] => 
                    [value] => 65
                    [custom_value] => 
                )

            [16] => Array
                (
                    [key] => SourceURL
                    [custom_key] => 
                    [value] => 28
                    [custom_value] => 
                )

            [17] => Array
                (
                    [key] => DoNotCall
                    [custom_key] => 
                    [value] => 62
                    [custom_value] => 
                )

            [18] => Array
                (
                    [key] => DoNotText
                    [custom_key] => 
                    [value] => 64
                    [custom_value] => 
                )

            [19] => Array
                (
                    [key] => DoNotEmail
                    [custom_key] => 
                    [value] => 63
                    [custom_value] => 
                )

            [20] => Array
                (
                    [key] => careLevel
                    [custom_key] => 
                    [value] => 21
                    [custom_value] => 
                )

            [21] => Array
                (
                    [key] => phone
                    [custom_key] => 
                    [value] => 4
                    [custom_value] => 
                )

            [22] => Array
                (
                    [key] => Message
                    [custom_key] => 
                    [value] => 27
                    [custom_value] => 
                )

            [23] => Array
                (
                    [key] => notrigger
                    [custom_key] => 
                    [value] => 53
                    [custom_value] => 
                )

            [24] => Array
                (
                    [key] => RequestTour
                    [custom_key] => 
                    [value] => 41.1
                    [custom_value] => 
                )

            [25] => Array
                (
                    [key] => RequestBrochure
                    [custom_key] => 
                    [value] => 41.2
                    [custom_value] => 
                )

            [26] => Array
                (
                    [key] => RequestPricingInfo
                    [custom_key] => 
                    [value] => 41.3
                    [custom_value] => 
                )

            [27] => Array
                (
                    [key] => KnowledgeComfort
                    [custom_key] => 
                    [value] => 32.1
                    [custom_value] => 
                )

            [28] => Array
                (
                    [key] => SeekingSupport
                    [custom_key] => 
                    [value] => 32.2
                    [custom_value] => 
                )

            [29] => Array
                (
                    [key] => EmpoweringRetirement
                    [custom_key] => 
                    [value] => 32.3
                    [custom_value] => 
                )

        )

    [addon_slug] => gravity-api-trap
    [event_type] => 
)
Bypass check — noTrigger: "" | careLevel: "assisted living"Not bypassing — proceeding with API submissionPrimary contact ID: prospectAPI request JSON data: {
    "individuals": [
        {
            "communities": [
                {
                    "NameUnique": "CSL054DANV"
                }
            ],
            "properties": [
                {
                    "property": "FirstName",
                    "value": "Martha"
                },
                {
                    "property": "LastName",
                    "value": "Ardiff"
                },
                {
                    "property": "Home Phone",
                    "value": "9787743336"
                },
                {
                    "property": "Email",
                    "value": "m.ardiff@comcast.net"
                },
                {
                    "property": "type",
                    "value": "prospect"
                },
                {
                    "property": "Status Code",
                    "value": "Not Yet Classified"
                },
                {
                    "property": "Care Level",
                    "value": "Assisted Living"
                },
                {
                    "property": "UTM Source",
                    "value": ""
                },
                {
                    "property": "UTM Medium",
                    "value": ""
                },
                {
                    "property": "UTM Campaign",
                    "value": ""
                },
                {
                    "property": "UTM Id",
                    "value": ""
                },
                {
                    "property": "GCLID",
                    "value": "EAIaIQobChMI6ZWkj_XDlAMV3Fz_AR1QmjhQEAAYASAAEgJZ3fD_BwE"
                },
                {
                    "property": "FBCLID",
                    "value": ""
                },
                {
                    "property": "gad",
                    "value": ""
                },
                {
                    "property": "?gad",
                    "value": ""
                },
                {
                    "property": "gad_source",
                    "value": "1"
                },
                {
                    "property": "display",
                    "value": ""
                },
                {
                    "property": "Market Source",
                    "value": "WEB - Google Paid"
                },
                {
                    "property": "Request Tour",
                    "value": ""
                },
                {
                    "property": "Request Brochure",
                    "value": ""
                },
                {
                    "property": "Request Pricing",
                    "value": ""
                },
                {
                    "property": "Knowledge is Comfort",
                    "value": ""
                },
                {
                    "property": "Seeking Support",
                    "value": ""
                },
                {
                    "property": "Empowering Retirement",
                    "value": ""
                },
                {
                    "property": "Source Url",
                    "value": "https:\/\/www.charterofdanvers.com\/learn-more\/assisted-living\/?GA_network=g&GA_device=c&GA_campaign=21012188369&GA_adgroup=157473005454&GA_target=&GA_placement=&GA_creative=690478461310&GA_extension=&GA_keyword=assisted%20living%20danvers%20ma&GA_loc_physical_ms=9001926&GA_landingpage=https:\/\/www.charterofdanvers.com\/learn-more\/assisted-living\/&gad_source=1&gad_campaignid=21012188369"
                },
                {
                    "property": "DoNotCall",
                    "value": "No"
                },
                {
                    "property": "DoNotText",
                    "value": "No"
                },
                {
                    "property": "DoNotEmail",
                    "value": "No"
                },
                {
                    "property": "Lead Status",
                    "value": "Pending \/ Not Yet Classified "
                }
            ],
            "activities": [
                {
                    "reInquiry": true,
                    "description": "Webform",
                    "activityStatusMasterId": 3,
                    "activityResultMasterId": 3,
                    "activityTypeMasterId": 17
                }
            ],
            "notes": [
                {
                    "Message": "Original Comments: I\u2019m\nEvent Name: \nEvent Date: \nCommunity: CSL054DANV\nEmail: m.ardiff@comcast.net\nName: Martha Ardiff\nPhone: 9787743336\nInquiring For: \nUTM Source: \nUTM Campaign: \nUTM Medium: \nUTM ID: \nGCLID: EAIaIQobChMI6ZWkj_XDlAMV3Fz_AR1QmjhQEAAYASAAEgJZ3fD_BwE\nFBCLID: \n?gad: \n&gad: \ngad_source: 1\ndisplay: \nMarket Source: WEB - Google Paid\nCare Level: Assisted Living\nPrimary Contact ID: prospect\nNumber Attending: \nRequest Tour \nRequest Brochure \nRequest Pricing Info \nKnowledge is Comfort \nSeeking Support \nEmpowering Retirement \nSource URL https:\/\/www.charterofdanvers.com\/learn-more\/assisted-living\/?GA_network=g&GA_device=c&GA_campaign=21012188369&GA_adgroup=157473005454&GA_target=&GA_placement=&GA_creative=690478461310&GA_extension=&GA_keyword=assisted%20living%20danvers%20ma&GA_loc_physical_ms=9001926&GA_landingpage=https:\/\/www.charterofdanvers.com\/learn-more\/assisted-living\/&gad_source=1&gad_campaignid=21012188369\nDoNotCall No\nDoNotText No\nDoNotEmail No\n"
                }
            ]
        }
    ]
}API request failed: 403 - {"ResponseStatus":{"ErrorCode":"UnauthorizedAccessException","Message":"Please provide your subscription key or Bearer Token in the header of the request"}}Feed data: Array
(
    [id] => 24
    [form_id] => 27
    [is_active] => 1
    [feed_order] => 0
    [meta_feedName] => Enquire/Aline API Feed 1
    [meta_formFieldMap] => Array
        (
            [0] => Array
                (
                    [key] => Email
                    [custom_key] => 
                    [value] => 3
                    [custom_value] => 
                )

            [1] => Array
                (
                    [key] => FirstName
                    [custom_key] => 
                    [value] => 1
                    [custom_value] => 
                )

            [2] => Array
                (
                    [key] => LastName
                    [custom_key] => 
                    [value] => 2
                    [custom_value] => 
                )

            [3] => Array
                (
                    [key] => communityunique
                    [custom_key] => 
                    [value] => 56
                    [custom_value] => 
                )

            [4] => Array
                (
                    [key] => utmsource
                    [custom_key] => 
                    [value] => 45
                    [custom_value] => 
                )

            [5] => Array
                (
                    [key] => utmmedium
                    [custom_key] => 
                    [value] => 46
                    [custom_value] => 
                )

            [6] => Array
                (
                    [key] => utmcampaign
                    [custom_key] => 
                    [value] => 54
                    [custom_value] => 
                )

            [7] => Array
                (
                    [key] => utmid
                    [custom_key] => 
                    [value] => 48
                    [custom_value] => 
                )

            [8] => Array
                (
                    [key] => inquiringfor
                    [custom_key] => 
                    [value] => gf_custom
                    [custom_value] => Myself
                )

            [9] => Array
                (
                    [key] => gclid
                    [custom_key] => 
                    [value] => 49
                    [custom_value] => 
                )

            [10] => Array
                (
                    [key] => fbclid
                    [custom_key] => 
                    [value] => 57
                    [custom_value] => 
                )

            [11] => Array
                (
                    [key] => gad
                    [custom_key] => 
                    [value] => 58
                    [custom_value] => 
                )

            [12] => Array
                (
                    [key] => gad_2
                    [custom_key] => 
                    [value] => 59
                    [custom_value] => 
                )

            [13] => Array
                (
                    [key] => gad_source
                    [custom_key] => 
                    [value] => 60
                    [custom_value] => 
                )

            [14] => Array
                (
                    [key] => display
                    [custom_key] => 
                    [value] => 55
                    [custom_value] => 
                )

            [15] => Array
                (
                    [key] => marketsource
                    [custom_key] => 
                    [value] => 65
                    [custom_value] => 
                )

            [16] => Array
                (
                    [key] => SourceURL
                    [custom_key] => 
                    [value] => 28
                    [custom_value] => 
                )

            [17] => Array
                (
                    [key] => DoNotCall
                    [custom_key] => 
                    [value] => 62
                    [custom_value] => 
                )

            [18] => Array
                (
                    [key] => DoNotText
                    [custom_key] => 
                    [value] => 64
                    [custom_value] => 
                )

            [19] => Array
                (
                    [key] => DoNotEmail
                    [custom_key] => 
                    [value] => 63
                    [custom_value] => 
                )

            [20] => Array
                (
                    [key] => careLevel
                    [custom_key] => 
                    [value] => 21
                    [custom_value] => 
                )

            [21] => Array
                (
                    [key] => phone
                    [custom_key] => 
                    [value] => 4
                    [custom_value] => 
                )

            [22] => Array
                (
                    [key] => Message
                    [custom_key] => 
                    [value] => 27
                    [custom_value] => 
                )

            [23] => Array
                (
                    [key] => notrigger
                    [custom_key] => 
                    [value] => 53
                    [custom_value] => 
                )

            [24] => Array
                (
                    [key] => RequestTour
                    [custom_key] => 
                    [value] => 41.1
                    [custom_value] => 
                )

            [25] => Array
                (
                    [key] => RequestBrochure
                    [custom_key] => 
                    [value] => 41.2
                    [custom_value] => 
                )

            [26] => Array
                (
                    [key] => RequestPricingInfo
                    [custom_key] => 
                    [value] => 41.3
                    [custom_value] => 
                )

            [27] => Array
                (
                    [key] => KnowledgeComfort
                    [custom_key] => 
                    [value] => 32.1
                    [custom_value] => 
                )

            [28] => Array
                (
                    [key] => SeekingSupport
                    [custom_key] => 
                    [value] => 32.2
                    [custom_value] => 
                )

            [29] => Array
                (
                    [key] => EmpoweringRetirement
                    [custom_key] => 
                    [value] => 32.3
                    [custom_value] => 
                )

        )

    [addon_slug] => gravity-api-trap
    [event_type] => 
)
Bypass check — noTrigger: "" | careLevel: "assisted living"Not bypassing — proceeding with API submissionPrimary contact ID: prospectAPI request JSON data: {
    "individuals": [
        {
            "communities": [
                {
                    "NameUnique": "CSL054DANV"
                }
            ],
            "properties": [
                {
                    "property": "FirstName",
                    "value": "Corinne"
                },
                {
                    "property": "LastName",
                    "value": "Kulak"
                },
                {
                    "property": "Home Phone",
                    "value": "9785877413"
                },
                {
                    "property": "Email",
                    "value": "cdkulak@verizon.net"
                },
                {
                    "property": "type",
                    "value": "prospect"
                },
                {
                    "property": "Status Code",
                    "value": "Not Yet Classified"
                },
                {
                    "property": "Care Level",
                    "value": "Assisted Living"
                },
                {
                    "property": "UTM Source",
                    "value": "fb"
                },
                {
                    "property": "UTM Medium",
                    "value": "cpc"
                },
                {
                    "property": "UTM Campaign",
                    "value": "CSLDV - Leads - Retargeting"
                },
                {
                    "property": "UTM Id",
                    "value": "120243197756480041_v2_s03"
                },
                {
                    "property": "GCLID",
                    "value": ""
                },
                {
                    "property": "FBCLID",
                    "value": "IwZXh0bgNhZW0BMABhZGlkAasxOrAr4UlzcnRjBmFwcF9pZAo2NjI4NTY4Mzc5AAEeKxU7fwMrZtXbI6fFMRrddgdAl0jC0zLqfpdy_dpUbqJs68VankPl4ZI6rOA_aem_wHRLPF5W9l_Q2AwKV1i5Ug"
                },
                {
                    "property": "gad",
                    "value": ""
                },
                {
                    "property": "?gad",
                    "value": ""
                },
                {
                    "property": "gad_source",
                    "value": ""
                },
                {
                    "property": "display",
                    "value": ""
                },
                {
                    "property": "Market Source",
                    "value": "WEB - Facebook Paid"
                },
                {
                    "property": "Request Tour",
                    "value": ""
                },
                {
                    "property": "Request Brochure",
                    "value": ""
                },
                {
                    "property": "Request Pricing",
                    "value": ""
                },
                {
                    "property": "Knowledge is Comfort",
                    "value": ""
                },
                {
                    "property": "Seeking Support",
                    "value": ""
                },
                {
                    "property": "Empowering Retirement",
                    "value": ""
                },
                {
                    "property": "Source Url",
                    "value": "https:\/\/www.charterofdanvers.com\/learn-more\/assisted-living\/"
                },
                {
                    "property": "DoNotCall",
                    "value": "No"
                },
                {
                    "property": "DoNotText",
                    "value": "No"
                },
                {
                    "property": "DoNotEmail",
                    "value": "No"
                },
                {
                    "property": "Lead Status",
                    "value": "Pending \/ Not Yet Classified "
                }
            ],
            "activities": [
                {
                    "reInquiry": true,
                    "description": "Webform",
                    "activityStatusMasterId": 3,
                    "activityResultMasterId": 3,
                    "activityTypeMasterId": 17
                }
            ],
            "notes": [
                {
                    "Message": "Original Comments: \nEvent Name: \nEvent Date: \nCommunity: CSL054DANV\nEmail: cdkulak@verizon.net\nName: Corinne Kulak\nPhone: 9785877413\nInquiring For: \nUTM Source: fb\nUTM Campaign: CSLDV - Leads - Retargeting\nUTM Medium: cpc\nUTM ID: 120243197756480041_v2_s03\nGCLID: \nFBCLID: IwZXh0bgNhZW0BMABhZGlkAasxOrAr4UlzcnRjBmFwcF9pZAo2NjI4NTY4Mzc5AAEeKxU7fwMrZtXbI6fFMRrddgdAl0jC0zLqfpdy_dpUbqJs68VankPl4ZI6rOA_aem_wHRLPF5W9l_Q2AwKV1i5Ug\n?gad: \n&gad: \ngad_source: \ndisplay: \nMarket Source: WEB - Facebook Paid\nCare Level: Assisted Living\nPrimary Contact ID: prospect\nNumber Attending: \nRequest Tour \nRequest Brochure \nRequest Pricing Info \nKnowledge is Comfort \nSeeking Support \nEmpowering Retirement \nSource URL https:\/\/www.charterofdanvers.com\/learn-more\/assisted-living\/\nDoNotCall No\nDoNotText No\nDoNotEmail No\n"
                }
            ]
        }
    ]
}API request failed: 403 - {"ResponseStatus":{"ErrorCode":"UnauthorizedAccessException","Message":"Please provide your subscription key or Bearer Token in the header of the request"}}Feed data: Array
(
    [id] => 24
    [form_id] => 27
    [is_active] => 1
    [feed_order] => 0
    [meta_feedName] => Enquire/Aline API Feed 1
    [meta_formFieldMap] => Array
        (
            [0] => Array
                (
                    [key] => Email
                    [custom_key] => 
                    [value] => 3
                    [custom_value] => 
                )

            [1] => Array
                (
                    [key] => FirstName
                    [custom_key] => 
                    [value] => 1
                    [custom_value] => 
                )

            [2] => Array
                (
                    [key] => LastName
                    [custom_key] => 
                    [value] => 2
                    [custom_value] => 
                )

            [3] => Array
                (
                    [key] => communityunique
                    [custom_key] => 
                    [value] => 56
                    [custom_value] => 
                )

            [4] => Array
                (
                    [key] => utmsource
                    [custom_key] => 
                    [value] => 45
                    [custom_value] => 
                )

            [5] => Array
                (
                    [key] => utmmedium
                    [custom_key] => 
                    [value] => 46
                    [custom_value] => 
                )

            [6] => Array
                (
                    [key] => utmcampaign
                    [custom_key] => 
                    [value] => 54
                    [custom_value] => 
                )

            [7] => Array
                (
                    [key] => utmid
                    [custom_key] => 
                    [value] => 48
                    [custom_value] => 
                )

            [8] => Array
                (
                    [key] => inquiringfor
                    [custom_key] => 
                    [value] => gf_custom
                    [custom_value] => Myself
                )

            [9] => Array
                (
                    [key] => gclid
                    [custom_key] => 
                    [value] => 49
                    [custom_value] => 
                )

            [10] => Array
                (
                    [key] => fbclid
                    [custom_key] => 
                    [value] => 57
                    [custom_value] => 
                )

            [11] => Array
                (
                    [key] => gad
                    [custom_key] => 
                    [value] => 58
                    [custom_value] => 
                )

            [12] => Array
                (
                    [key] => gad_2
                    [custom_key] => 
                    [value] => 59
                    [custom_value] => 
                )

            [13] => Array
                (
                    [key] => gad_source
                    [custom_key] => 
                    [value] => 60
                    [custom_value] => 
                )

            [14] => Array
                (
                    [key] => display
                    [custom_key] => 
                    [value] => 55
                    [custom_value] => 
                )

            [15] => Array
                (
                    [key] => marketsource
                    [custom_key] => 
                    [value] => 65
                    [custom_value] => 
                )

            [16] => Array
                (
                    [key] => SourceURL
                    [custom_key] => 
                    [value] => 28
                    [custom_value] => 
                )

            [17] => Array
                (
                    [key] => DoNotCall
                    [custom_key] => 
                    [value] => 62
                    [custom_value] => 
                )

            [18] => Array
                (
                    [key] => DoNotText
                    [custom_key] => 
                    [value] => 64
                    [custom_value] => 
                )

            [19] => Array
                (
                    [key] => DoNotEmail
                    [custom_key] => 
                    [value] => 63
                    [custom_value] => 
                )

            [20] => Array
                (
                    [key] => careLevel
                    [custom_key] => 
                    [value] => 21
                    [custom_value] => 
                )

            [21] => Array
                (
                    [key] => phone
                    [custom_key] => 
                    [value] => 4
                    [custom_value] => 
                )

            [22] => Array
                (
                    [key] => Message
                    [custom_key] => 
                    [value] => 27
                    [custom_value] => 
                )

            [23] => Array
                (
                    [key] => notrigger
                    [custom_key] => 
                    [value] => 53
                    [custom_value] => 
                )

            [24] => Array
                (
                    [key] => RequestTour
                    [custom_key] => 
                    [value] => 41.1
                    [custom_value] => 
                )

            [25] => Array
                (
                    [key] => RequestBrochure
                    [custom_key] => 
                    [value] => 41.2
                    [custom_value] => 
                )

            [26] => Array
                (
                    [key] => RequestPricingInfo
                    [custom_key] => 
                    [value] => 41.3
                    [custom_value] => 
                )

            [27] => Array
                (
                    [key] => KnowledgeComfort
                    [custom_key] => 
                    [value] => 32.1
                    [custom_value] => 
                )

            [28] => Array
                (
                    [key] => SeekingSupport
                    [custom_key] => 
                    [value] => 32.2
                    [custom_value] => 
                )

            [29] => Array
                (
                    [key] => EmpoweringRetirement
                    [custom_key] => 
                    [value] => 32.3
                    [custom_value] => 
                )

        )

    [addon_slug] => gravity-api-trap
    [event_type] => 
)
Bypass check — noTrigger: "true" | careLevel: "employment"Bypassing: noTrigger field is trueFeed data: Array
(
    [id] => 24
    [form_id] => 27
    [is_active] => 1
    [feed_order] => 0
    [meta_feedName] => Enquire/Aline API Feed 1
    [meta_formFieldMap] => Array
        (
            [0] => Array
                (
                    [key] => Email
                    [custom_key] => 
                    [value] => 3
                    [custom_value] => 
                )

            [1] => Array
                (
                    [key] => FirstName
                    [custom_key] => 
                    [value] => 1
                    [custom_value] => 
                )

            [2] => Array
                (
                    [key] => LastName
                    [custom_key] => 
                    [value] => 2
                    [custom_value] => 
                )

            [3] => Array
                (
                    [key] => communityunique
                    [custom_key] => 
                    [value] => 56
                    [custom_value] => 
                )

            [4] => Array
                (
                    [key] => utmsource
                    [custom_key] => 
                    [value] => 45
                    [custom_value] => 
                )

            [5] => Array
                (
                    [key] => utmmedium
                    [custom_key] => 
                    [value] => 46
                    [custom_value] => 
                )

            [6] => Array
                (
                    [key] => utmcampaign
                    [custom_key] => 
                    [value] => 54
                    [custom_value] => 
                )

            [7] => Array
                (
                    [key] => utmid
                    [custom_key] => 
                    [value] => 48
                    [custom_value] => 
                )

            [8] => Array
                (
                    [key] => inquiringfor
                    [custom_key] => 
                    [value] => gf_custom
                    [custom_value] => Myself
                )

            [9] => Array
                (
                    [key] => gclid
                    [custom_key] => 
                    [value] => 49
                    [custom_value] => 
                )

            [10] => Array
                (
                    [key] => fbclid
                    [custom_key] => 
                    [value] => 57
                    [custom_value] => 
                )

            [11] => Array
                (
                    [key] => gad
                    [custom_key] => 
                    [value] => 58
                    [custom_value] => 
                )

            [12] => Array
                (
                    [key] => gad_2
                    [custom_key] => 
                    [value] => 59
                    [custom_value] => 
                )

            [13] => Array
                (
                    [key] => gad_source
                    [custom_key] => 
                    [value] => 60
                    [custom_value] => 
                )

            [14] => Array
                (
                    [key] => display
                    [custom_key] => 
                    [value] => 55
                    [custom_value] => 
                )

            [15] => Array
                (
                    [key] => marketsource
                    [custom_key] => 
                    [value] => 65
                    [custom_value] => 
                )

            [16] => Array
                (
                    [key] => SourceURL
                    [custom_key] => 
                    [value] => 28
                    [custom_value] => 
                )

            [17] => Array
                (
                    [key] => DoNotCall
                    [custom_key] => 
                    [value] => 62
                    [custom_value] => 
                )

            [18] => Array
                (
                    [key] => DoNotText
                    [custom_key] => 
                    [value] => 64
                    [custom_value] => 
                )

            [19] => Array
                (
                    [key] => DoNotEmail
                    [custom_key] => 
                    [value] => 63
                    [custom_value] => 
                )

            [20] => Array
                (
                    [key] => careLevel
                    [custom_key] => 
                    [value] => 21
                    [custom_value] => 
                )

            [21] => Array
                (
                    [key] => phone
                    [custom_key] => 
                    [value] => 4
                    [custom_value] => 
                )

            [22] => Array
                (
                    [key] => Message
                    [custom_key] => 
                    [value] => 27
                    [custom_value] => 
                )

            [23] => Array
                (
                    [key] => notrigger
                    [custom_key] => 
                    [value] => 53
                    [custom_value] => 
                )

            [24] => Array
                (
                    [key] => RequestTour
                    [custom_key] => 
                    [value] => 41.1
                    [custom_value] => 
                )

            [25] => Array
                (
                    [key] => RequestBrochure
                    [custom_key] => 
                    [value] => 41.2
                    [custom_value] => 
                )

            [26] => Array
                (
                    [key] => RequestPricingInfo
                    [custom_key] => 
                    [value] => 41.3
                    [custom_value] => 
                )

            [27] => Array
                (
                    [key] => KnowledgeComfort
                    [custom_key] => 
                    [value] => 32.1
                    [custom_value] => 
                )

            [28] => Array
                (
                    [key] => SeekingSupport
                    [custom_key] => 
                    [value] => 32.2
                    [custom_value] => 
                )

            [29] => Array
                (
                    [key] => EmpoweringRetirement
                    [custom_key] => 
                    [value] => 32.3
                    [custom_value] => 
                )

        )

    [addon_slug] => gravity-api-trap
    [event_type] => 
)
Bypass check — noTrigger: "" | careLevel: "assisted living"Not bypassing — proceeding with API submissionPrimary contact ID: prospectAPI request JSON data: {
    "individuals": [
        {
            "communities": [
                {
                    "NameUnique": "CSL054DANV"
                }
            ],
            "properties": [
                {
                    "property": "FirstName",
                    "value": "Peter"
                },
                {
                    "property": "LastName",
                    "value": "Crossan"
                },
                {
                    "property": "Home Phone",
                    "value": "9784733919"
                },
                {
                    "property": "Email",
                    "value": "pjcrossan@comcast.net"
                },
                {
                    "property": "type",
                    "value": "prospect"
                },
                {
                    "property": "Status Code",
                    "value": "Not Yet Classified"
                },
                {
                    "property": "Care Level",
                    "value": "Assisted Living"
                },
                {
                    "property": "UTM Source",
                    "value": ""
                },
                {
                    "property": "UTM Medium",
                    "value": ""
                },
                {
                    "property": "UTM Campaign",
                    "value": ""
                },
                {
                    "property": "UTM Id",
                    "value": ""
                },
                {
                    "property": "GCLID",
                    "value": ""
                },
                {
                    "property": "FBCLID",
                    "value": ""
                },
                {
                    "property": "gad",
                    "value": ""
                },
                {
                    "property": "?gad",
                    "value": ""
                },
                {
                    "property": "gad_source",
                    "value": "1"
                },
                {
                    "property": "display",
                    "value": ""
                },
                {
                    "property": "Market Source",
                    "value": "WEB - Google Paid"
                },
                {
                    "property": "Request Tour",
                    "value": ""
                },
                {
                    "property": "Request Brochure",
                    "value": ""
                },
                {
                    "property": "Request Pricing",
                    "value": ""
                },
                {
                    "property": "Knowledge is Comfort",
                    "value": ""
                },
                {
                    "property": "Seeking Support",
                    "value": ""
                },
                {
                    "property": "Empowering Retirement",
                    "value": ""
                },
                {
                    "property": "Source Url",
                    "value": "https:\/\/www.charterofdanvers.com\/lifestyles\/assisted-living\/?GA_network=g&GA_device=m&GA_campaign=21012188369&GA_adgroup=157473005174&GA_target=&GA_placement=&GA_creative=690529525811&GA_extension=&GA_keyword=assisted%20living%20near%20me&GA_loc_physical_ms=9001923&GA_landingpage=https:\/\/www.charterofdanvers.com\/lifestyles\/assisted-living\/&gad_source=1&gad_campaignid=21012188369"
                },
                {
                    "property": "DoNotCall",
                    "value": "No"
                },
                {
                    "property": "DoNotText",
                    "value": "No"
                },
                {
                    "property": "DoNotEmail",
                    "value": "No"
                },
                {
                    "property": "Lead Status",
                    "value": "Pending \/ Not Yet Classified "
                }
            ],
            "activities": [
                {
                    "reInquiry": true,
                    "description": "Webform",
                    "activityStatusMasterId": 3,
                    "activityResultMasterId": 3,
                    "activityTypeMasterId": 17
                }
            ],
            "notes": [
                {
                    "Message": "Original Comments: \nEvent Name: \nEvent Date: \nCommunity: CSL054DANV\nEmail: pjcrossan@comcast.net\nName: Peter Crossan\nPhone: 9784733919\nInquiring For: \nUTM Source: \nUTM Campaign: \nUTM Medium: \nUTM ID: \nGCLID: \nFBCLID: \n?gad: \n&gad: \ngad_source: 1\ndisplay: \nMarket Source: WEB - Google Paid\nCare Level: Assisted Living\nPrimary Contact ID: prospect\nNumber Attending: \nRequest Tour \nRequest Brochure \nRequest Pricing Info \nKnowledge is Comfort \nSeeking Support \nEmpowering Retirement \nSource URL https:\/\/www.charterofdanvers.com\/lifestyles\/assisted-living\/?GA_network=g&GA_device=m&GA_campaign=21012188369&GA_adgroup=157473005174&GA_target=&GA_placement=&GA_creative=690529525811&GA_extension=&GA_keyword=assisted%20living%20near%20me&GA_loc_physical_ms=9001923&GA_landingpage=https:\/\/www.charterofdanvers.com\/lifestyles\/assisted-living\/&gad_source=1&gad_campaignid=21012188369\nDoNotCall No\nDoNotText No\nDoNotEmail No\n"
                }
            ]
        }
    ]
}API request failed: 403 - {"ResponseStatus":{"ErrorCode":"UnauthorizedAccessException","Message":"Please provide your subscription key or Bearer Token in the header of the request"}}Feed data: Array
(
    [id] => 24
    [form_id] => 27
    [is_active] => 1
    [feed_order] => 0
    [meta_feedName] => Enquire/Aline API Feed 1
    [meta_formFieldMap] => Array
        (
            [0] => Array
                (
                    [key] => Email
                    [custom_key] => 
                    [value] => 3
                    [custom_value] => 
                )

            [1] => Array
                (
                    [key] => FirstName
                    [custom_key] => 
                    [value] => 1
                    [custom_value] => 
                )

            [2] => Array
                (
                    [key] => LastName
                    [custom_key] => 
                    [value] => 2
                    [custom_value] => 
                )

            [3] => Array
                (
                    [key] => communityunique
                    [custom_key] => 
                    [value] => 56
                    [custom_value] => 
                )

            [4] => Array
                (
                    [key] => utmsource
                    [custom_key] => 
                    [value] => 45
                    [custom_value] => 
                )

            [5] => Array
                (
                    [key] => utmmedium
                    [custom_key] => 
                    [value] => 46
                    [custom_value] => 
                )

            [6] => Array
                (
                    [key] => utmcampaign
                    [custom_key] => 
                    [value] => 54
                    [custom_value] => 
                )

            [7] => Array
                (
                    [key] => utmid
                    [custom_key] => 
                    [value] => 48
                    [custom_value] => 
                )

            [8] => Array
                (
                    [key] => inquiringfor
                    [custom_key] => 
                    [value] => gf_custom
                    [custom_value] => Myself
                )

            [9] => Array
                (
                    [key] => gclid
                    [custom_key] => 
                    [value] => 49
                    [custom_value] => 
                )

            [10] => Array
                (
                    [key] => fbclid
                    [custom_key] => 
                    [value] => 57
                    [custom_value] => 
                )

            [11] => Array
                (
                    [key] => gad
                    [custom_key] => 
                    [value] => 58
                    [custom_value] => 
                )

            [12] => Array
                (
                    [key] => gad_2
                    [custom_key] => 
                    [value] => 59
                    [custom_value] => 
                )

            [13] => Array
                (
                    [key] => gad_source
                    [custom_key] => 
                    [value] => 60
                    [custom_value] => 
                )

            [14] => Array
                (
                    [key] => display
                    [custom_key] => 
                    [value] => 55
                    [custom_value] => 
                )

            [15] => Array
                (
                    [key] => marketsource
                    [custom_key] => 
                    [value] => 65
                    [custom_value] => 
                )

            [16] => Array
                (
                    [key] => SourceURL
                    [custom_key] => 
                    [value] => 28
                    [custom_value] => 
                )

            [17] => Array
                (
                    [key] => DoNotCall
                    [custom_key] => 
                    [value] => 62
                    [custom_value] => 
                )

            [18] => Array
                (
                    [key] => DoNotText
                    [custom_key] => 
                    [value] => 64
                    [custom_value] => 
                )

            [19] => Array
                (
                    [key] => DoNotEmail
                    [custom_key] => 
                    [value] => 63
                    [custom_value] => 
                )

            [20] => Array
                (
                    [key] => careLevel
                    [custom_key] => 
                    [value] => 21
                    [custom_value] => 
                )

            [21] => Array
                (
                    [key] => phone
                    [custom_key] => 
                    [value] => 4
                    [custom_value] => 
                )

            [22] => Array
                (
                    [key] => Message
                    [custom_key] => 
                    [value] => 27
                    [custom_value] => 
                )

            [23] => Array
                (
                    [key] => notrigger
                    [custom_key] => 
                    [value] => 53
                    [custom_value] => 
                )

            [24] => Array
                (
                    [key] => RequestTour
                    [custom_key] => 
                    [value] => 41.1
                    [custom_value] => 
                )

            [25] => Array
                (
                    [key] => RequestBrochure
                    [custom_key] => 
                    [value] => 41.2
                    [custom_value] => 
                )

            [26] => Array
                (
                    [key] => RequestPricingInfo
                    [custom_key] => 
                    [value] => 41.3
                    [custom_value] => 
                )

            [27] => Array
                (
                    [key] => KnowledgeComfort
                    [custom_key] => 
                    [value] => 32.1
                    [custom_value] => 
                )

            [28] => Array
                (
                    [key] => SeekingSupport
                    [custom_key] => 
                    [value] => 32.2
                    [custom_value] => 
                )

            [29] => Array
                (
                    [key] => EmpoweringRetirement
                    [custom_key] => 
                    [value] => 32.3
                    [custom_value] => 
                )

        )

    [addon_slug] => gravity-api-trap
    [event_type] => 
)
Bypass check — noTrigger: "" | careLevel: "assisted living"Not bypassing — proceeding with API submissionPrimary contact ID: prospectAPI request JSON data: {
    "individuals": [
        {
            "communities": [
                {
                    "NameUnique": "CSL054DANV"
                }
            ],
            "properties": [
                {
                    "property": "FirstName",
                    "value": "Michael"
                },
                {
                    "property": "LastName",
                    "value": "Phillips"
                },
                {
                    "property": "Home Phone",
                    "value": "5104954520"
                },
                {
                    "property": "Email",
                    "value": "mppeuro@gmail.com"
                },
                {
                    "property": "type",
                    "value": "prospect"
                },
                {
                    "property": "Status Code",
                    "value": "Not Yet Classified"
                },
                {
                    "property": "Care Level",
                    "value": "Assisted Living"
                },
                {
                    "property": "UTM Source",
                    "value": ""
                },
                {
                    "property": "UTM Medium",
                    "value": ""
                },
                {
                    "property": "UTM Campaign",
                    "value": ""
                },
                {
                    "property": "UTM Id",
                    "value": ""
                },
                {
                    "property": "GCLID",
                    "value": ""
                },
                {
                    "property": "FBCLID",
                    "value": ""
                },
                {
                    "property": "gad",
                    "value": ""
                },
                {
                    "property": "?gad",
                    "value": ""
                },
                {
                    "property": "gad_source",
                    "value": ""
                },
                {
                    "property": "display",
                    "value": ""
                },
                {
                    "property": "Market Source",
                    "value": "WEB - Company Website"
                },
                {
                    "property": "Request Tour",
                    "value": ""
                },
                {
                    "property": "Request Brochure",
                    "value": ""
                },
                {
                    "property": "Request Pricing",
                    "value": ""
                },
                {
                    "property": "Knowledge is Comfort",
                    "value": ""
                },
                {
                    "property": "Seeking Support",
                    "value": ""
                },
                {
                    "property": "Empowering Retirement",
                    "value": ""
                },
                {
                    "property": "Source Url",
                    "value": "https:\/\/www.charterofdanvers.com\/contact-us\/"
                },
                {
                    "property": "DoNotCall",
                    "value": "No"
                },
                {
                    "property": "DoNotText",
                    "value": "No"
                },
                {
                    "property": "DoNotEmail",
                    "value": "No"
                },
                {
                    "property": "Lead Status",
                    "value": "Pending \/ Not Yet Classified "
                }
            ],
            "activities": [
                {
                    "reInquiry": true,
                    "description": "Webform",
                    "activityStatusMasterId": 3,
                    "activityResultMasterId": 3,
                    "activityTypeMasterId": 17
                }
            ],
            "notes": [
                {
                    "Message": "Original Comments: Hello, I am looking for assisted living options for my mother and would like to have a paper copy of your brochure \/ information packet sent to her if possible. Please let me know if that's an option and I will provide her mailing address. Thank you!\r\n\r\nSincerely,\r\nMichael Phillips\nEvent Name: \nEvent Date: \nCommunity: CSL054DANV\nEmail: mppeuro@gmail.com\nName: Michael Phillips\nPhone: 5104954520\nInquiring For: \nUTM Source: \nUTM Campaign: \nUTM Medium: \nUTM ID: \nGCLID: \nFBCLID: \n?gad: \n&gad: \ngad_source: \ndisplay: \nMarket Source: WEB - Company Website\nCare Level: Assisted Living\nPrimary Contact ID: prospect\nNumber Attending: \nRequest Tour \nRequest Brochure \nRequest Pricing Info \nKnowledge is Comfort \nSeeking Support \nEmpowering Retirement \nSource URL https:\/\/www.charterofdanvers.com\/contact-us\/\nDoNotCall No\nDoNotText No\nDoNotEmail No\n"
                }
            ]
        }
    ]
}API request failed: 403 - {"ResponseStatus":{"ErrorCode":"UnauthorizedAccessException","Message":"Please provide your subscription key or Bearer Token in the header of the request"}}